tls.handshake.extensions_server_name,tls.handshake.extensions_alpn_str,http.host
gateway.icloud.com,h3,
gateway.icloud.com,h3,
mobile.events.data.microsoft.com,,
gateway.icloud.com,h3,
gateway.icloud.com,h3,
gateway.icloud.com,h2\,http/1.1,
gateway.icloud.com,h3,
gateway.icloud.com,h2\,http/1.1,
gcs-eu-00002.content-storage-upload.googleapis.com,h3,
gcs-eu-00002.content-storage-upload.googleapis.com,h3,
api.apple-cloudkit.com,h2\,http/1.1,
gateway.icloud.com,h3,
gateway.icloud.com,h3,
gateway.icloud.com,h3,
googlechromelabs.github.io,http/1.1,
gateway.icloud.com,h2\,http/1.1,
googlechromelabs.github.io,http/1.1,
googlechromelabs.github.io,http/1.1,
googlechromelabs.github.io,http/1.1,
storage.googleapis.com,http/1.1,
github.com,h2\,http/1.1,
gateway.icloud.com,h3,
gateway.icloud.com,h3,
gateway.icloud.com,h2\,http/1.1,
gateway.icloud.com,h3,
gcs-eu-00002.content-storage-upload.googleapis.com,h3,
gcs-eu-00002.content-storage-upload.googleapis.com,h3,
gateway.icloud.com,h3,
gateway.icloud.com,h3,
gateway.icloud.com,h2\,http/1.1,
gateway.icloud.com,h3,
gateway.icloud.com,h3,
gateway.icloud.com,h2\,http/1.1,
googlechromelabs.github.io,http/1.1,
www.google.com,h3,
google.com,h3,
,,clients2.google.com
www.google.com,h2\,http/1.1,
accounts.google.com,h2\,http/1.1,
google.com,h2\,http/1.1,
,,
google.com,h2\,http/1.1,
www.google.com,h2\,http/1.1,
accounts.google.com,h2\,http/1.1,
fonts.gstatic.com,h3,
www.gstatic.com,h2\,http/1.1,
www.gstatic.com,h2\,http/1.1,
content-autofill.googleapis.com,h2\,http/1.1,
ogads-pa.clients6.google.com,h2\,http/1.1,
www.gstatic.com,h3,
ogads-pa.clients6.google.com,h3,
ogads-pa.clients6.google.com,h2\,http/1.1,
play.google.com,h2\,http/1.1,
play.google.com,h3,
android.clients.google.com,h2\,http/1.1,
android.clients.google.com,h3,
optimizationguide-pa.googleapis.com,h2\,http/1.1,
optimizationguide-pa.googleapis.com,h2\,http/1.1,
optimizationguide-pa.googleapis.com,h2\,http/1.1,
optimizationguide-pa.googleapis.com,h2\,http/1.1,
optimizationguide-pa.googleapis.com,h2\,http/1.1,
optimizationguide-pa.googleapis.com,h3,
mask-canary.icloud.com,h3,
itunes.apple.com,h2\,http/1.1,
api-glb-aeun1a.smoot.apple.com,h3,
api-glb-aeun1a.smoot.apple.com,h2\,http/1.1,
api-spotlight-aeun1a.smoot.apple.com,h3,
gateway.icloud.com,h2\,http/1.1,
ocsp2.apple.com,http/1.1,
api-spotlight-aeun1a.smoot.apple.com,h2\,http/1.1,
gateway.icloud.com,h3,
mask-canary.icloud.com,h3,
gateway.icloud.com,h3,
gateway.icloud.com,h3,
gateway.icloud.com,h2\,http/1.1,
eu-irl-00003.s3.dualstack.eu-west-1.amazonaws.com,h2\,http/1.1,
ocsp2.apple.com,h2\,http/1.1,
p138-quota.icloud.com,h2\,http/1.1,
setup.icloud.com,http/1.1,
init.ess.apple.com,h2\,http/1.1,
setup.icloud.com,http/1.1,
p138-quota.icloud.com,http/1.1,
gateway.icloud.com,h3,
init.ess.apple.com,h2\,http/1.1,
setup.icloud.com,http/1.1,
setup.icloud.com,h2\,http/1.1,
gateway.icloud.com,h3,
gateway.icloud.com,h3,
ocsp2.apple.com,h2\,http/1.1,
gsa.apple.com,http/1.1,
setup.icloud.com,h2\,http/1.1,
ocsp2.apple.com,h2\,http/1.1,
ocsp2.apple.com,h2\,http/1.1,
gateway.icloud.com,h2\,http/1.1,
ocsp2.apple.com,h2\,http/1.1,
www.apple.com,h2\,http/1.1,
kt-prod.ess.apple.com,h2\,http/1.1,
setup.icloud.com,h2\,http/1.1,
p128-sharedstreams.icloud.com,http/1.1,
setup.icloud.com,http/1.1,
setup.icloud.com,http/1.1,
setup.icloud.com,http/1.1,
p48-mcc.icloud.com,http/1.1,
apps.mzstatic.com,h3,
apps.mzstatic.com,h3,
gateway.icloud.com,h2\,http/1.1,
gateway.icloud.com,h2\,http/1.1,
main.vscode-cdn.net,h2\,http/1.1,
main.vscode-cdn.net,h2\,http/1.1,
gateway.icloud.com,h3,
gateway.icloud.com,h3,
eu-irl-00001.s3.dualstack.eu-west-1.amazonaws.com,h2\,http/1.1,
gateway.icloud.com,h2\,http/1.1,
eu-irl-00003.s3.dualstack.eu-west-1.amazonaws.com,h2\,http/1.1,
eu-irl-00003.s3.dualstack.eu-west-1.amazonaws.com,http/1.1,
eu-irl-00003.s3.dualstack.eu-west-1.amazonaws.com,http/1.1,
gcs-us-00002.content-storage-download.googleapis.com,h2\,http/1.1,
gcs-eu-00002.content-storage-download.googleapis.com,h2\,http/1.1,
gcs-us-00002.content-storage-download.googleapis.com,http/1.1,
gcs-eu-00002.content-storage-download.googleapis.com,http/1.1,
gcs-eu-00002.content-storage-download.googleapis.com,http/1.1,
gateway.icloud.com,h2\,http/1.1,
p138-caldav.icloud.com,h2\,http/1.1,
p138-caldav.icloud.com,h2\,http/1.1,
p138-caldav.icloud.com,h2\,http/1.1,
p138-caldav.icloud.com,h2\,http/1.1,
p138-caldav.icloud.com,h2\,http/1.1,
apidata.googleusercontent.com,h2\,http/1.1,
apidata.googleusercontent.com,h3,
apidata.googleusercontent.com,h3,
apidata.googleusercontent.com,h3,
gateway.icloud.com,h3,
apidata.googleusercontent.com,h3,
gateway.icloud.com,h3,
gateway.icloud.com,h2\,http/1.1,
www.mcdonalds.it,h2\,http/1.1,
gateway.icloud.com,h3,
gateway.icloud.com,h3,
gateway.icloud.com,h2\,http/1.1,
update.googleapis.com,h2\,http/1.1,
,,edgedl.me.gvt1.com
main.vscode-cdn.net,h2\,http/1.1,
,,
main.vscode-cdn.net,h2\,http/1.1,
main.vscode-cdn.net,h2\,http/1.1,
main.vscode-cdn.net,h2\,http/1.1,
update.googleapis.com,h3,
,,edgedl.me.gvt1.com
,,
api.apple-cloudkit.com,http/1.1,
googlechromelabs.github.io,http/1.1,
googlechromelabs.github.io,http/1.1,
,,clients2.google.com
www.google.com,h2\,http/1.1,
accounts.google.com,h2\,http/1.1,
youtube.com,h2\,http/1.1,
youtube.com,h2\,http/1.1,
,,
youtube.com,h2\,http/1.1,
www.google.com,h2\,http/1.1,
accounts.google.com,h2\,http/1.1,
play.googleapis.com,http/1.1,
www.youtube.com,h3,
fonts.googleapis.com,h2\,http/1.1,
fonts.googleapis.com,h2\,http/1.1,
fonts.gstatic.com,h2\,http/1.1,
accounts.google.com,h2\,http/1.1,
i.ytimg.com,h2\,http/1.1,
accounts.google.com,h3,
fonts.gstatic.com,h3,
www.google.com,h2\,http/1.1,
content-autofill.googleapis.com,h2\,http/1.1,
fonts.googleapis.com,h3,
youtube.com,h3,
www.gstatic.com,h2\,http/1.1,
www.gstatic.com,h3,
www.gstatic.com,h3,
optimizationguide-pa.googleapis.com,h2\,http/1.1,
android.clients.google.com,h2\,http/1.1,
android.clients.google.com,h3,
optimizationguide-pa.googleapis.com,h2\,http/1.1,
optimizationguide-pa.googleapis.com,h2\,http/1.1,
optimizationguide-pa.googleapis.com,h3,
fpinit.itunes.apple.com,h2\,http/1.1,
xp.apple.com,http/1.1,
gateway.icloud.com,h3,
gateway.icloud.com,h3,
gateway.icloud.com,h2\,http/1.1,
gateway.icloud.com,h3,
gateway.icloud.com,h3,
gateway.icloud.com,h2\,http/1.1,
gateway.icloud.com,h3,
update.googleapis.com,h2\,http/1.1,
,,edgedl.me.gvt1.com
,,
update.googleapis.com,h3,
,,edgedl.me.gvt1.com
,,
api.apple-cloudkit.com,http/1.1,
googlechromelabs.github.io,http/1.1,
googlechromelabs.github.io,http/1.1,
www.google.com,h3,
facebook.com,h3,
,,clients2.google.com
www.google.com,h2\,http/1.1,
accounts.google.com,h2\,http/1.1,
facebook.com,h2\,http/1.1,
,,
www.google.com,h2\,http/1.1,
accounts.google.com,h2\,http/1.1,
gateway.icloud.com,h3,
www.facebook.com,h3,
gateway.icloud.com,h3,
gateway.icloud.com,h2\,http/1.1,
static.xx.fbcdn.net,h3,
gateway.icloud.com,h3,
static.xx.fbcdn.net,h3,
facebook.com,h3,
edge-036.defra2.icloud-content.com,h2\,http/1.1,
content-autofill.googleapis.com,h2\,http/1.1,
p138-content.icloud.com,h2\,http/1.1,
ocsp2.apple.com,h2\,http/1.1,
android.clients.google.com,h2\,http/1.1,
android.clients.google.com,h3,
optimizationguide-pa.googleapis.com,h2\,http/1.1,
optimizationguide-pa.googleapis.com,h2\,http/1.1,
optimizationguide-pa.googleapis.com,h2\,http/1.1,
optimizationguide-pa.googleapis.com,h3,
xp.apple.com,http/1.1,
gateway.icloud.com,h3,
mask-canary.icloud.com,h3,
gateway.icloud.com,h3,
gateway.icloud.com,h2\,http/1.1,
gateway.icloud.com,h3,
gateway.icloud.com,h3,
github.com,h2\,http/1.1,
gateway.icloud.com,h3,
gateway.icloud.com,h2\,http/1.1,
gateway.icloud.com,h2\,http/1.1,
edge-036.defra2.icloud-content.com,h2\,http/1.1,
mobile.events.data.microsoft.com,h2\,http/1.1,
mobile.events.data.microsoft.com,h2\,http/1.1,
mobile.events.data.microsoft.com,h2\,http/1.1,
mobile.events.data.microsoft.com,h2\,http/1.1,
gateway.icloud.com,h3,
gateway.icloud.com,h3,
gateway.icloud.com,h3,
gateway.icloud.com,h2\,http/1.1,
gateway.icloud.com,h3,
gateway.icloud.com,h3,
gateway.icloud.com,h3,
gateway.icloud.com,h2\,http/1.1,
gateway.icloud.com,h3,
gateway.icloud.com,h3,
update.googleapis.com,h2\,http/1.1,
update.googleapis.com,h2\,http/1.1,
,,edgedl.me.gvt1.com
,,
update.googleapis.com,h3,
,,edgedl.me.gvt1.com
api.apple-cloudkit.com,http/1.1,
googlechromelabs.github.io,http/1.1,
googlechromelabs.github.io,http/1.1,
www.google.com,h2\,http/1.1,
accounts.google.com,h2\,http/1.1,
instagram.com,h3,
,,clients2.google.com
instagram.com,h2\,http/1.1,
,,
www.instagram.com,h3,
static.cdninstagram.com,h3,
static.cdninstagram.com,h3,
www.facebook.com,h3,
content-autofill.googleapis.com,h2\,http/1.1,
android.clients.google.com,h2\,http/1.1,
android.clients.google.com,h3,
p138-content.icloud.com,h2\,http/1.1,
optimizationguide-pa.googleapis.com,h2\,http/1.1,
optimizationguide-pa.googleapis.com,h2\,http/1.1,
optimizationguide-pa.googleapis.com,h2\,http/1.1,
optimizationguide-pa.googleapis.com,h3,
update.googleapis.com,h2\,http/1.1,
,,edgedl.me.gvt1.com
,,
update.googleapis.com,h3,
,,edgedl.me.gvt1.com
,,
,,edgedl.me.gvt1.com
,,
,,edgedl.me.gvt1.com
,,
,,edgedl.me.gvt1.com
,,
api.apple-cloudkit.com,http/1.1,
googlechromelabs.github.io,http/1.1,
googlechromelabs.github.io,http/1.1,
,,clients2.google.com
www.google.com,h2\,http/1.1,
accounts.google.com,h2\,http/1.1,
chatgpt.com,h2\,http/1.1,
chatgpt.com,h2\,http/1.1,
,,
chatgpt.com,h2\,http/1.1,
www.google.com,h2\,http/1.1,
accounts.google.com,h2\,http/1.1,
cdn.oaistatic.com,h2\,http/1.1,
cdn.oaistatic.com,h2\,http/1.1,
cdn.oaistatic.com,h2\,http/1.1,
cdn.oaistatic.com,h2\,http/1.1,
a.nel.cloudflare.com,h2\,http/1.1,
cdn.oaistatic.com,h2\,http/1.1,
cdn.oaistatic.com,h2\,http/1.1,
cdn.oaistatic.com,h2\,http/1.1,
cdn.oaistatic.com,h2\,http/1.1,
challenges.cloudflare.com,h3,
a.nel.cloudflare.com,h3,
challenges.cloudflare.com,h2\,http/1.1,
challenges.cloudflare.com,h2\,http/1.1,
challenges.cloudflare.com,h3,
android.clients.google.com,h2\,http/1.1,
android.clients.google.com,h3,
optimizationguide-pa.googleapis.com,h2\,http/1.1,
optimizationguide-pa.googleapis.com,h2\,http/1.1,
optimizationguide-pa.googleapis.com,h2\,http/1.1,
optimizationguide-pa.googleapis.com,h3,
token.safebrowsing.apple,h2\,http/1.1,
,,proxy-safebrowsing.googleapis.com
,,
,,
proxy-safebrowsing.googleapis.com,h2\,http/1.1,
,,
,,
,,
,,
,,
,,
,,
,,
,,
,,
,,
,,
,,
,,
,,
update.googleapis.com,h2\,http/1.1,
a.nel.cloudflare.com,h3,
,,edgedl.me.gvt1.com
,,
update.googleapis.com,h3,
,,edgedl.me.gvt1.com
api.apple-cloudkit.com,http/1.1,
googlechromelabs.github.io,http/1.1,
googlechromelabs.github.io,http/1.1,
,,clients2.google.com
www.google.com,h2\,http/1.1,
accounts.google.com,h2\,http/1.1,
x.com,h2\,http/1.1,
x.com,h2\,http/1.1,
,,
x.com,h2\,http/1.1,
www.google.com,h2\,http/1.1,
accounts.google.com,h2\,http/1.1,
api.twitter.com,h2\,http/1.1,
abs.twimg.com,h2\,http/1.1,
abs.twimg.com,h2\,http/1.1,
abs.twimg.com,h2\,http/1.1,
abs.twimg.com,h2\,http/1.1,
video.twimg.com,h2\,http/1.1,
t.co,h2\,http/1.1,
pbs.twimg.com,h2\,http/1.1,
abs-0.twimg.com,h2\,http/1.1,
api.x.com,h2\,http/1.1,
api.x.com,h2\,http/1.1,
api.x.com,h2\,http/1.1,
api.x.com,h2\,http/1.1,
api.x.com,h2\,http/1.1,
accounts.google.com,h2\,http/1.1,
appleid.cdn-apple.com,h2\,http/1.1,
accounts.google.com,h3,
android.clients.google.com,h2\,http/1.1,
android.clients.google.com,h3,
optimizationguide-pa.googleapis.com,h2\,http/1.1,
github.com,h2\,http/1.1,
optimizationguide-pa.googleapis.com,h2\,http/1.1,
optimizationguide-pa.googleapis.com,h2\,http/1.1,
optimizationguide-pa.googleapis.com,h3,
gateway.icloud.com,h3,
gateway.icloud.com,h2\,http/1.1,
mobile.events.data.microsoft.com,h2\,http/1.1,
mobile.events.data.microsoft.com,h2\,http/1.1,
gateway.icloud.com,h3,
gateway.icloud.com,h2\,http/1.1,
gateway.icloud.com,h3,
gateway.icloud.com,h2\,http/1.1,
main.vscode-cdn.net,h2\,http/1.1,
main.vscode-cdn.net,h2\,http/1.1,
gateway.icloud.com,h3,
gateway.icloud.com,h2\,http/1.1,
gateway.icloud.com,h3,
entitlements.itunes.apple.com,h2\,http/1.1,
p28-buy.itunes.apple.com,http/1.1,
bag.itunes.apple.com,h3,
p28-buy.itunes.apple.com,http/1.1,
sas.pcms.apple.com,h2\,http/1.1,
fpinit.itunes.apple.com,h2\,http/1.1,
xp.apple.com,http/1.1,
sas.pcms.apple.com,h2\,http/1.1,
sas.pcms.apple.com,h2\,http/1.1,
sas.pcms.apple.com,h2\,http/1.1,
update.googleapis.com,h2\,http/1.1,
,,edgedl.me.gvt1.com
,,
update.googleapis.com,h3,
,,edgedl.me.gvt1.com
,,
api.apple-cloudkit.com,http/1.1,
googlechromelabs.github.io,http/1.1,
googlechromelabs.github.io,http/1.1,
,,clients2.google.com
www.google.com,h2\,http/1.1,
accounts.google.com,h2\,http/1.1,
,,
reddit.com,h2\,http/1.1,
www.google.com,h2\,http/1.1,
accounts.google.com,h2\,http/1.1,
w3-reporting-nel.reddit.com,h2\,http/1.1,
www.reddit.com,h2\,http/1.1,
android.clients.google.com,h2\,http/1.1,
android.clients.google.com,h3,
,,
optimizationguide-pa.googleapis.com,h2\,http/1.1,
optimizationguide-pa.googleapis.com,h2\,http/1.1,
optimizationguide-pa.googleapis.com,h2\,http/1.1,
optimizationguide-pa.googleapis.com,h3,
xp.apple.com,http/1.1,
update.googleapis.com,h3,
update.googleapis.com,h2\,http/1.1,
,,edgedl.me.gvt1.com
api.apple-cloudkit.com,http/1.1,
googlechromelabs.github.io,http/1.1,
googlechromelabs.github.io,http/1.1,
www.google.com,h3,
,,clients2.google.com
whatsapp.com,h2\,http/1.1,
www.google.com,h2\,http/1.1,
whatsapp.com,h2\,http/1.1,
accounts.google.com,h2\,http/1.1,
,,
www.google.com,h2\,http/1.1,
accounts.google.com,h2\,http/1.1,
www.whatsapp.com,h2\,http/1.1,
static.whatsapp.net,h2\,http/1.1,
static.whatsapp.net,h2\,http/1.1,
static.whatsapp.net,h2\,http/1.1,
static.whatsapp.net,h2\,http/1.1,
scontent.whatsapp.net,h3,
static.whatsapp.net,h3,
android.clients.google.com,h2\,http/1.1,
android.clients.google.com,h3,
apidata.googleusercontent.com,h3,
apidata.googleusercontent.com,h3,
apidata.googleusercontent.com,h3,
apidata.googleusercontent.com,h3,
optimizationguide-pa.googleapis.com,h2\,http/1.1,
optimizationguide-pa.googleapis.com,h2\,http/1.1,
optimizationguide-pa.googleapis.com,h2\,http/1.1,
optimizationguide-pa.googleapis.com,h3,
update.googleapis.com,h2\,http/1.1,
,,edgedl.me.gvt1.com
github.com,h2\,http/1.1,
,,
update.googleapis.com,h3,
,,edgedl.me.gvt1.com
gateway.icloud.com,h3,
mask-canary.icloud.com,h3,
gateway.icloud.com,h2\,http/1.1,
gateway.icloud.com,h3,
api.apple-cloudkit.com,http/1.1,
googlechromelabs.github.io,http/1.1,
googlechromelabs.github.io,http/1.1,
mobile.events.data.microsoft.com,h2\,http/1.1,
mobile.events.data.microsoft.com,h2\,http/1.1,
,,clients2.google.com
www.google.com,h2\,http/1.1,
accounts.google.com,h2\,http/1.1,
,,
bing.com,h2\,http/1.1,
bing.com,h2\,http/1.1,
www.google.com,h2\,http/1.1,
bing.com,h2\,http/1.1,
accounts.google.com,h2\,http/1.1,
bing.com,h2\,http/1.1,
www.bing.com,h2\,http/1.1,
www.bing.com,h3,
r.bing.com,h2\,http/1.1,
r.bing.com,h2\,http/1.1,
r.bing.com,h2\,http/1.1,
r.bing.com,h2\,http/1.1,
r.bing.com,h2\,http/1.1,
r.bing.com,h2\,http/1.1,
r.bing.com,h3,
assets.msn.com,h2\,http/1.1,
www.msn.com,h2\,http/1.1,
login.microsoftonline.com,h2\,http/1.1,
login.microsoftonline.com,h2\,http/1.1,
assets.msn.com,h3,
login.live.com,h2\,http/1.1,
gateway.icloud.com,h3,
c.msn.com,h2\,http/1.1,
c.msn.com,h2\,http/1.1,
gateway.icloud.com,h3,
gateway.icloud.com,h2\,http/1.1,
srtb.msn.com,h2\,http/1.1,
srtb.msn.com,h2\,http/1.1,
browser.events.data.msn.com,h2\,http/1.1,
browser.events.data.msn.com,h2\,http/1.1,
assets.msn.com,h3,
img-s-msn-com.akamaized.net,h2\,http/1.1,
img-s-msn-com.akamaized.net,h2\,http/1.1,
img-s-msn-com.akamaized.net,h2\,http/1.1,
img-s-msn-com.akamaized.net,h2\,http/1.1,
browser.events.data.msn.com,h2\,http/1.1,
browser.events.data.msn.com,h2\,http/1.1,
browser.events.data.msn.com,h2\,http/1.1,
ecn.dev.virtualearth.net,h2\,http/1.1,
gateway.icloud.com,h3,
gateway.icloud.com,h3,
gateway.icloud.com,h2\,http/1.1,
android.clients.google.com,h2\,http/1.1,
android.clients.google.com,h3,
optimizationguide-pa.googleapis.com,h2\,http/1.1,
optimizationguide-pa.googleapis.com,h2\,http/1.1,
optimizationguide-pa.googleapis.com,h2\,http/1.1,
optimizationguide-pa.googleapis.com,h3,
gateway.icloud.com,h3,
gateway.icloud.com,h2\,http/1.1,
gateway.icloud.com,h3,
update.googleapis.com,h2\,http/1.1,
,,edgedl.me.gvt1.com
,,
update.googleapis.com,h3,
api.apple-cloudkit.com,http/1.1,
googlechromelabs.github.io,http/1.1,
googlechromelabs.github.io,http/1.1,
,,clients2.google.com
www.google.com,h2\,http/1.1,
accounts.google.com,h2\,http/1.1,
,,
www.google.com,h2\,http/1.1,
wikipedia.org,h2\,http/1.1,
accounts.google.com,h2\,http/1.1,
upload.wikimedia.org,h2\,http/1.1,
content-autofill.googleapis.com,h2\,http/1.1,
it.wikipedia.org,h2\,http/1.1,
android.clients.google.com,h2\,http/1.1,
android.clients.google.com,h3,
optimizationguide-pa.googleapis.com,h2\,http/1.1,
optimizationguide-pa.googleapis.com,h2\,http/1.1,
optimizationguide-pa.googleapis.com,h2\,http/1.1,
optimizationguide-pa.googleapis.com,h3,
metrics.icloud.com,h2\,http/1.1,
main.vscode-cdn.net,h2\,http/1.1,
main.vscode-cdn.net,h2\,http/1.1,
update.googleapis.com,h2\,http/1.1,
,,edgedl.me.gvt1.com
,,
update.googleapis.com,h3,
api.apple-cloudkit.com,http/1.1,
googlechromelabs.github.io,http/1.1,
googlechromelabs.github.io,http/1.1,
,,clients2.google.com
www.google.com,h2\,http/1.1,
accounts.google.com,h2\,http/1.1,
,,
www.google.com,h2\,http/1.1,
accounts.google.com,h2\,http/1.1,
yahoo.co.jp,h2\,http/1.1,
yahoo.co.jp,h2\,http/1.1,
yahoo.co.jp,h2\,http/1.1,
www.yahoo.co.jp,h2\,http/1.1,
www.yahoo.co.jp,h2\,http/1.1,
s.yimg.jp,h2\,http/1.1,
s.yimg.jp,h2\,http/1.1,
s.yimg.jp,h2\,http/1.1,
s.yimg.jp,h2\,http/1.1,
s.yimg.jp,h2\,http/1.1,
s.yimg.jp,h2\,http/1.1,
s.yimg.jp,h2\,http/1.1,
s.yimg.jp,h2\,http/1.1,
android.clients.google.com,h2\,http/1.1,
android.clients.google.com,h3,
optimizationguide-pa.googleapis.com,h2\,http/1.1,
optimizationguide-pa.googleapis.com,h2\,http/1.1,
optimizationguide-pa.googleapis.com,h2\,http/1.1,
optimizationguide-pa.googleapis.com,h3,
github.com,h2\,http/1.1,
gateway.icloud.com,h3,
gateway.icloud.com,h3,
gateway.icloud.com,h2\,http/1.1,
mobile.events.data.microsoft.com,h2\,http/1.1,
mobile.events.data.microsoft.com,h2\,http/1.1,
gateway.icloud.com,h3,
gateway.icloud.com,h3,
gateway.icloud.com,h3,
gateway.icloud.com,h3,
gateway.icloud.com,h3,
gateway.icloud.com,h3,
gateway.icloud.com,h2\,http/1.1,
gateway.icloud.com,h3,
gateway.icloud.com,h3,
gateway.icloud.com,h3,
gateway.icloud.com,h3,
gateway.icloud.com,h3,
gateway.icloud.com,h2\,http/1.1,
update.googleapis.com,h2\,http/1.1,
,,edgedl.me.gvt1.com
,,
update.googleapis.com,h3,
api.apple-cloudkit.com,http/1.1,
googlechromelabs.github.io,http/1.1,
googlechromelabs.github.io,http/1.1,
googlechromelabs.github.io,http/1.1,
googlechromelabs.github.io,http/1.1,
storage.googleapis.com,http/1.1,
googlechromelabs.github.io,http/1.1,
www.google.com,h3,
,,clients2.google.com
accounts.google.com,h2\,http/1.1,
www.google.com,h2\,http/1.1,
,,
www.google.com,h2\,http/1.1,
accounts.google.com,h2\,http/1.1,
yahoo.com,h2\,http/1.1,
www.yahoo.com,h2\,http/1.1,
guce.yahoo.com,h2\,http/1.1,
consent.yahoo.com,h2\,http/1.1,
consent.yahoo.com,h2\,http/1.1,
consent.yahoo.com,h2\,http/1.1,
udc.yahoo.com,h2\,http/1.1,
android.clients.google.com,h2\,http/1.1,
android.clients.google.com,h3,
optimizationguide-pa.googleapis.com,h2\,http/1.1,
optimizationguide-pa.googleapis.com,h2\,http/1.1,
optimizationguide-pa.googleapis.com,h2\,http/1.1,
optimizationguide-pa.googleapis.com,h3,
metrics.icloud.com,h2\,http/1.1,
configuration.ls.apple.com,h2\,http/1.1,
configuration.ls.apple.com,h2\,http/1.1,
configuration.ls.apple.com,h2\,http/1.1,
update.googleapis.com,h2\,http/1.1,
,,edgedl.me.gvt1.com
api.apple-cloudkit.com,http/1.1,
googlechromelabs.github.io,http/1.1,
googlechromelabs.github.io,http/1.1,
,,clients2.google.com
www.google.com,h2\,http/1.1,
accounts.google.com,h2\,http/1.1,
,,
www.google.com,h2\,http/1.1,
accounts.google.com,h2\,http/1.1,
yandex.ru,h2\,http/1.1,
android.clients.google.com,h2\,http/1.1,
android.clients.google.com,h3,
optimizationguide-pa.googleapis.com,h2\,http/1.1,
optimizationguide-pa.googleapis.com,h2\,http/1.1,
optimizationguide-pa.googleapis.com,h2\,http/1.1,
optimizationguide-pa.googleapis.com,h3,
update.googleapis.com,h2\,http/1.1,
,,edgedl.me.gvt1.com
,,
update.googleapis.com,h3,
,,edgedl.me.gvt1.com
,,
,,edgedl.me.gvt1.com
,,
,,edgedl.me.gvt1.com
,,
,,edgedl.me.gvt1.com
,,
,,edgedl.me.gvt1.com
,,
,,edgedl.me.gvt1.com
,,
,,edgedl.me.gvt1.com
,,
update.googleapis.com,h3,
,,edgedl.me.gvt1.com
,,
,,edgedl.me.gvt1.com
,,
update.googleapis.com,h3,
,,edgedl.me.gvt1.com
,,
,,edgedl.me.gvt1.com
,,
,,edgedl.me.gvt1.com
,,
,,edgedl.me.gvt1.com
,,
,,edgedl.me.gvt1.com
,,
,,edgedl.me.gvt1.com
,,
,,edgedl.me.gvt1.com
,,
,,edgedl.me.gvt1.com
,,
,,edgedl.me.gvt1.com
,,
android.clients.google.com,h3,
clients1.google.com,h2\,http/1.1,
,,edgedl.me.gvt1.com
,,
github.com,h2\,http/1.1,
gateway.icloud.com,h3,
gateway.icloud.com,h3,
gateway.icloud.com,h3,
mask-canary.icloud.com,h3,
gateway.icloud.com,h3,
gateway.icloud.com,h2\,http/1.1,
gateway.icloud.com,h3,
mobile.events.data.microsoft.com,h2\,http/1.1,
mobile.events.data.microsoft.com,h2\,http/1.1,
gateway.icloud.com,h3,
gateway.icloud.com,h3,
gateway.icloud.com,h3,
gateway.icloud.com,h3,
gateway.icloud.com,h2\,http/1.1,
metrics.icloud.com,h2\,http/1.1,
gateway.icloud.com,h3,
gateway.icloud.com,h3,
gateway.icloud.com,h2\,http/1.1,
gateway.icloud.com,h3,
gateway.icloud.com,h2\,http/1.1,
gateway.icloud.com,h3,
metrics.icloud.com,h2\,http/1.1,
main.vscode-cdn.net,h2\,http/1.1,
main.vscode-cdn.net,h2\,http/1.1,
android.clients.google.com,h3,
metrics.icloud.com,h2\,http/1.1,
dzen.ru,h2\,http/1.1,
sso.passport.yandex.ru,h2\,http/1.1,
sso.dzen.ru,h2\,http/1.1,
sso.dzen.ru,h2\,http/1.1,
dzen.ru,h2\,http/1.1,
login.vk.com,h2\,http/1.1,
static.dzeninfra.ru,h2\,http/1.1,
static.dzeninfra.ru,h2\,http/1.1,
suggest.sso.dzen.ru,h2\,http/1.1,
static.dzeninfra.ru,h2\,http/1.1,
static.dzeninfra.ru,h2\,http/1.1,
static.dzeninfra.ru,h2\,http/1.1,
static.dzeninfra.ru,h2\,http/1.1,
suggest.dzen.ru,h2\,http/1.1,
static.dzeninfra.ru,h2\,http/1.1,
dzen.ru,h2\,http/1.1,
mc.yandex.ru,h2\,http/1.1,
mc.yandex.ru,h2\,http/1.1,
yandex.ru,h2\,http/1.1,
avatars.dzeninfra.ru,h2\,http/1.1,
avatars.dzeninfra.ru,h2\,http/1.1,
avatars.dzeninfra.ru,h2\,http/1.1,
avatars.dzeninfra.ru,h2\,http/1.1,
avatars.dzeninfra.ru,h2\,http/1.1,
avatars.dzeninfra.ru,h2\,http/1.1,
top-fwz1.mail.ru,h2\,http/1.1,
ad.mail.ru,h2\,http/1.1,
yastatic.net,h2\,http/1.1,
suggest.sso.dzen.ru,h2\,http/1.1,
suggest.sso.dzen.ru,h2\,http/1.1,
suggest.sso.dzen.ru,h2\,http/1.1,
suggest.sso.dzen.ru,h2\,http/1.1,
static.dzeninfra.ru,h2\,http/1.1,
suggest.sso.dzen.ru,h2\,http/1.1,
vk.ru,h2\,http/1.1,
yastatic.net,h2\,http/1.1,
ad.mail.ru,h2\,http/1.1,
avatars.mds.yandex.net,h2\,http/1.1,
ads.adfox.ru,h2\,http/1.1,
mc.yandex.com,h2\,http/1.1,
dzen.ru,h2\,http/1.1,
id.vk.com,h2\,http/1.1,
csp.yandex.net,h2\,http/1.1,
static-mon.yandex.net,h2\,http/1.1,
static.vk.com,h2\,http/1.1,
static.vk.com,h2\,http/1.1,
yandex.ru,h2\,http/1.1,
s3.dzeninfra.ru,h2\,http/1.1,
s3.dzeninfra.ru,h2\,http/1.1,
an.yandex.ru,h2\,http/1.1,
privacy-cs.mail.ru,h2\,http/1.1,
favicon.yandex.net,h2\,http/1.1,
api.vk.com,h2\,http/1.1,
stacks.vk-portal.net,h2\,http/1.1,
privacy-cs.mail.ru,h2\,http/1.1,
privacy-cs.mail.ru,h2\,http/1.1,
favicon.yandex.net,h2\,http/1.1,
favicon.yandex.net,h2\,http/1.1,
api.apple-cloudkit.com,http/1.1,
googlechromelabs.github.io,http/1.1,
googlechromelabs.github.io,http/1.1,
www.google.com,h3,
,,clients2.google.com
www.google.com,h2\,http/1.1,
accounts.google.com,h2\,http/1.1,
tiktok.com,h2\,http/1.1,
tiktok.com,h2\,http/1.1,
,,
tiktok.com,h2\,http/1.1,
www.google.com,h2\,http/1.1,
accounts.google.com,h2\,http/1.1,
www.tiktok.com,h2\,http/1.1,
sf16-website-login.neutral.ttwstatic.com,h2\,http/1.1,
sf16-website-login.neutral.ttwstatic.com,h2\,http/1.1,
sf16-website-login.neutral.ttwstatic.com,h2\,http/1.1,
sf16-website-login.neutral.ttwstatic.com,h2\,http/1.1,
sf16-website-login.neutral.ttwstatic.com,h2\,http/1.1,
sf16-website-login.neutral.ttwstatic.com,h2\,http/1.1,
sf16-website-login.neutral.ttwstatic.com,h2\,http/1.1,
sf16-website-login.neutral.tiktokcdn-eu.com,h2\,http/1.1,
mon16-normal-no1a.tiktokv.eu,h2\,http/1.1,
www.tiktok.com,h2\,http/1.1,
mcs16-normal-no1a.tiktokw.eu,h2\,http/1.1,
libraweb-ttp2.tiktokw.eu,h2\,http/1.1,
mcs16-normal-no1a.tiktokw.eu,h2\,http/1.1,
storage.googleapis.com,h2\,http/1.1,
mon.tiktokv.com,h2\,http/1.1,
storage.googleapis.com,h3,
mcs-ie2.tiktokw.eu,h2\,http/1.1,
mon16-normal-no1a.tiktokv.eu,h2\,http/1.1,
mcs16-normal-no1a.tiktokw.eu,h2\,http/1.1,
sf16-sg.tiktokcdn.com,h2\,http/1.1,
mon16-normal-useastred.tiktokv.eu,h2\,http/1.1,
mon.tiktokv.com,h2\,http/1.1,
mon-i18n.tiktokv.com,h2\,http/1.1,
web-va.tiktok.com,h2\,http/1.1,
lf16-tiktok-common.ibytedtos.com,h2\,http/1.1,
lf16-tiktok-common.ibytedtos.com,h2\,http/1.1,
lf16-tiktok-common.ibytedtos.com,h2\,http/1.1,
us.tiktok.com,h2\,http/1.1,
login-no1a.www.tiktok.com,h2\,http/1.1,
mon16-normal-useastred.tiktokv.eu,h2\,http/1.1,
mon-i18n.tiktokv.com,h2\,http/1.1,
login-no1a.www.tiktok.com,h2\,http/1.1,
us.tiktok.com,h2\,http/1.1,
webmssdk16-normal-no1a.tiktokw.eu,h2\,http/1.1,
android.clients.google.com,h2\,http/1.1,
android.clients.google.com,h3,
optimizationguide-pa.googleapis.com,h2\,http/1.1,
optimizationguide-pa.googleapis.com,h2\,http/1.1,
optimizationguide-pa.googleapis.com,h2\,http/1.1,
optimizationguide-pa.googleapis.com,h3,
github.com,h2\,http/1.1,
gateway.icloud.com,h3,
gateway.icloud.com,h3,
gateway.icloud.com,h3,
gateway.icloud.com,h3,
gateway.icloud.com,h2\,http/1.1,
mobile.events.data.microsoft.com,h2\,http/1.1,
mobile.events.data.microsoft.com,h2\,http/1.1,
gateway.icloud.com,h3,
gateway.icloud.com,h3,
gateway.icloud.com,h3,
gateway.icloud.com,h3,
gateway.icloud.com,h2\,http/1.1,
gateway.icloud.com,h2\,http/1.1,
update.googleapis.com,h2\,http/1.1,
metrics.icloud.com,h2\,http/1.1,
,,edgedl.me.gvt1.com
,,
update.googleapis.com,h3,
,,edgedl.me.gvt1.com
,,
,,edgedl.me.gvt1.com
api.apple-cloudkit.com,http/1.1,
googlechromelabs.github.io,http/1.1,
googlechromelabs.github.io,http/1.1,
,,clients2.google.com
www.google.com,h2\,http/1.1,
accounts.google.com,h2\,http/1.1,
,,
www.google.com,h2\,http/1.1,
accounts.google.com,h2\,http/1.1,
amazon.com,h2\,http/1.1,
www.amazon.com,h2\,http/1.1,
m.media-amazon.com,h2\,http/1.1,
m.media-amazon.com,h2\,http/1.1,
images-na.ssl-images-amazon.com,h2\,http/1.1,
images-na.ssl-images-amazon.com,h2\,http/1.1,
m.media-amazon.com,h3,
images-na.ssl-images-amazon.com,h3,
m.media-amazon.com,h3,
images-na.ssl-images-amazon.com,h3,
m.media-amazon.com,h2\,http/1.1,
fls-na.amazon.com,h2\,http/1.1,
www.amazon.com,h3,
fls-na.amazon.com,h2\,http/1.1,
content-autofill.googleapis.com,h2\,http/1.1,
completion.amazon.com,h2\,http/1.1,
unagi-na.amazon.com,h2\,http/1.1,
unagi-na.amazon.com,h2\,http/1.1,
unagi-na.amazon.com,h2\,http/1.1,
unagi.amazon.com,h2\,http/1.1,
unagi.amazon.com,h2\,http/1.1,
unagi.amazon.com,h2\,http/1.1,
s.amazon-adsystem.com,h2\,http/1.1,
unagi.amazon.com,h2\,http/1.1,
capi.connatix.com,h3,
www.imdb.com,h3,
dsum-sec.casalemedia.com,h2\,http/1.1,
pbs.yahoo.com,h2\,http/1.1,
ib.adnxs.com,h2\,http/1.1,
usersync.samplicio.us,h2\,http/1.1,
rtb-csync.smartadserver.com,h2\,http/1.1,
match.360yield.com,h2\,http/1.1,
dsum-sec.casalemedia.com,h3,
pixel.rubiconproject.com,h2\,http/1.1,
odr.mookie1.com,h2\,http/1.1,
unagi.amazon.com,h2\,http/1.1,
dpm.demdex.net,h2\,http/1.1,
c1.adform.net,h2\,http/1.1,
ads.samba.tv,h2\,http/1.1,
s.amazon-adsystem.com,h2\,http/1.1,
cookie-matching.mediarithmics.com,h2\,http/1.1,
s.amazon-adsystem.com,h2\,http/1.1,
crb.kargo.com,h2\,http/1.1,
cm.g.doubleclick.net,h2\,http/1.1,
image2.pubmatic.com,h2\,http/1.1,
s.amazon-adsystem.com,h2\,http/1.1,
s.amazon-adsystem.com,h2\,http/1.1,
www.facebook.com,h3,
s.amazon-adsystem.com,h2\,http/1.1,
loadus.exelator.com,h2\,http/1.1,
geo.ads.audio.thisisdax.com,h2\,http/1.1,
cm.g.doubleclick.net,h3,
lciapi.ninthdecimal.com,h2\,http/1.1,
ih.adscale.de,h2\,http/1.1,
us-u.openx.net,h2\,http/1.1,
sync-amazon.ads.yieldmo.com,h2\,http/1.1,
sync.taboola.com,h2\,http/1.1,
aa.agkn.com,h2\,http/1.1,
x.bidswitch.net,h2\,http/1.1,
public-prod-dspcookiematching.dmxleo.com,h2\,http/1.1,
jadserve.postrelease.com,h2\,http/1.1,
cms.analytics.yahoo.com,h2\,http/1.1,
spl.zeotap.com,h2\,http/1.1,
user-sync.fwmrm.net,h2\,http/1.1,
sync.rfp.fout.jp,h2\,http/1.1,
user-sync.fwmrm.net,h2\,http/1.1,
match.sharethrough.com,h2\,http/1.1,
us-u.openx.net,h3,
ms-cookie-sync.presage.io,h2\,http/1.1,
sb.scorecardresearch.com,h2\,http/1.1,
eb2.3lift.com,h2\,http/1.1,
usersync.gumgum.com,h2\,http/1.1,
uipglob.semasio.net,h2\,http/1.1,
image6.pubmatic.com,h2\,http/1.1,
pi.ispot.tv,h2\,http/1.1,
us-east-sync.richaudience.com,h2\,http/1.1,
android.clients.google.com,h2\,http/1.1,
android.clients.google.com,h3,
csync.loopme.me,h2\,http/1.1,
optimizationguide-pa.googleapis.com,h2\,http/1.1,
optimizationguide-pa.googleapis.com,h2\,http/1.1,
optimizationguide-pa.googleapis.com,h2\,http/1.1,
optimizationguide-pa.googleapis.com,h3,
csync.loopme.me,h2\,http/1.1,
csync.loopme.me,h2\,http/1.1,
update.googleapis.com,h2\,http/1.1,
,,edgedl.me.gvt1.com
,,
update.googleapis.com,h3,
,,edgedl.me.gvt1.com
,,
api.apple-cloudkit.com,http/1.1,
googlechromelabs.github.io,http/1.1,
googlechromelabs.github.io,http/1.1,
www.google.com,h3,
,,clients2.google.com
www.google.com,h2\,http/1.1,
accounts.google.com,h2\,http/1.1,
,,
www.google.com,h2\,http/1.1,
accounts.google.com,h2\,http/1.1,
baidu.com,h2\,http/1.1,
www.baidu.com,h2\,http/1.1,
www.baidu.com,h2\,http/1.1,
pss.bdstatic.com,h2\,http/1.1,
pss.bdstatic.com,h2\,http/1.1,
pss.bdstatic.com,h2\,http/1.1,
pss.bdstatic.com,h2\,http/1.1,
www.baidu.com,h2\,http/1.1,
aisearch.cdn.bcebos.com,h2\,http/1.1,
psstatic.cdn.bcebos.com,h2\,http/1.1,
hectorstatic.baidu.com,h2\,http/1.1,
aisearch.cdn.bcebos.com,h2\,http/1.1,
aisearch.cdn.bcebos.com,h2\,http/1.1,
aisearch.cdn.bcebos.com,h2\,http/1.1,
aisearch.cdn.bcebos.com,h2\,http/1.1,
psstatic.cdn.bcebos.com,h2\,http/1.1,
aisearch.cdn.bcebos.com,h2\,http/1.1,
search-operate.cdn.bcebos.com,h2\,http/1.1,
sp2.baidu.com,h2\,http/1.1,
sp1.baidu.com,h2\,http/1.1,
sp1.baidu.com,h2\,http/1.1,
psstatic.cdn.bcebos.com,h2\,http/1.1,
sp1.baidu.com,h2\,http/1.1,
sp2.baidu.com,h2\,http/1.1,
mbd.baidu.com,h2\,http/1.1,
mbd.baidu.com,h2\,http/1.1,
mbd.baidu.com,h2\,http/1.1,
mbd.baidu.com,h2\,http/1.1,
mbd.baidu.com,h2\,http/1.1,
content-autofill.googleapis.com,h2\,http/1.1,
psstatic.cdn.bcebos.com,h2\,http/1.1,
gips2.baidu.com,h2\,http/1.1,
mbd.baidu.com,h2\,http/1.1,
hector.baidu.com,h2\,http/1.1,
mbd.baidu.com,h2\,http/1.1,
mbd.baidu.com,h2\,http/1.1,
hector.baidu.com,h2\,http/1.1,
mbd.baidu.com,h2\,http/1.1,
mbd.baidu.com,h2\,http/1.1,
mbd.baidu.com,h2\,http/1.1,
mbd.baidu.com,h2\,http/1.1,
passport.baidu.com,h2\,http/1.1,
passport.baidu.com,h2\,http/1.1,
android.clients.google.com,h2\,http/1.1,
android.clients.google.com,h3,
optimizationguide-pa.googleapis.com,h2\,http/1.1,
optimizationguide-pa.googleapis.com,h2\,http/1.1,
optimizationguide-pa.googleapis.com,h2\,http/1.1,
optimizationguide-pa.googleapis.com,h3,
init-p01md.apple.com,h2\,http/1.1,
update.googleapis.com,h2\,http/1.1,
github.com,h2\,http/1.1,
,,edgedl.me.gvt1.com
,,
update.googleapis.com,h3,
mask-canary.icloud.com,h3,
gateway.icloud.com,h2\,http/1.1,
,,edgedl.me.gvt1.com
,,
,,edgedl.me.gvt1.com
,,
mobile.events.data.microsoft.com,h2\,http/1.1,
mobile.events.data.microsoft.com,h2\,http/1.1,
metrics.icloud.com,h2\,http/1.1,
gateway.icloud.com,h3,
gateway.icloud.com,h3,
main.vscode-cdn.net,h2\,http/1.1,
gateway.icloud.com,h2\,http/1.1,
main.vscode-cdn.net,h2\,http/1.1,
gateway.icloud.com,h2\,http/1.1,
api.apple-cloudkit.com,http/1.1,
googlechromelabs.github.io,http/1.1,
googlechromelabs.github.io,http/1.1,
www.google.com,h3,
,,clients2.google.com
www.google.com,h2\,http/1.1,
accounts.google.com,h2\,http/1.1,
linkedin.com,h2\,http/1.1,
,,
linkedin.com,h2\,http/1.1,
www.google.com,h2\,http/1.1,
linkedin.com,h2\,http/1.1,
accounts.google.com,h2\,http/1.1,
linkedin.com,h2\,http/1.1,
www.linkedin.com,h3,
static.licdn.com,h2\,http/1.1,
static.licdn.com,h2\,http/1.1,
static.licdn.com,h2\,http/1.1,
static.licdn.com,h2\,http/1.1,
static.licdn.com,h2\,http/1.1,
platform.linkedin.com,h2\,http/1.1,
accounts.google.com,h2\,http/1.1,
li.protechts.net,h2\,http/1.1,
accounts.google.com,h2\,http/1.1,
client.protechts.net,h2\,http/1.1,
tzm.protechts.net,h2\,http/1.1,
fonts.gstatic.com,h3,
collector-pxdojv695v.protechts.net,h2\,http/1.1,
collector-pxdojv695v.protechts.net,h3,
android.clients.google.com,h2\,http/1.1,
android.clients.google.com,h3,
gateway.icloud.com,h3,
gateway.icloud.com,h3,
gateway.icloud.com,h3,
gateway.icloud.com,h3,
gateway.icloud.com,h2\,http/1.1,
optimizationguide-pa.googleapis.com,h2\,http/1.1,
optimizationguide-pa.googleapis.com,h2\,http/1.1,
optimizationguide-pa.googleapis.com,h2\,http/1.1,
optimizationguide-pa.googleapis.com,h3,
play.google.com,h2\,http/1.1,
play.google.com,h3,
gateway.icloud.com,h3,
gateway.icloud.com,h2\,http/1.1,
gateway.icloud.com,h2\,http/1.1,
gateway.icloud.com,h3,
www.googleapis.com,h3,
p138-contacts.icloud.com,h2\,http/1.1,
www.googleapis.com,h3,
www.googleapis.com,h3,
p138-contacts.icloud.com,h2\,http/1.1,
www.googleapis.com,h3,
p138-contacts.icloud.com,h2\,http/1.1,
www.googleapis.com,h3,
p138-contacts.icloud.com,h2\,http/1.1,
metrics.icloud.com,h2\,http/1.1,
update.googleapis.com,h2\,http/1.1,
,,edgedl.me.gvt1.com
api.apple-cloudkit.com,http/1.1,
googlechromelabs.github.io,http/1.1,
googlechromelabs.github.io,http/1.1,
,,clients2.google.com
www.google.com,h2\,http/1.1,
accounts.google.com,h2\,http/1.1,
,,
pornhub.com,h2\,http/1.1,
www.google.com,h2\,http/1.1,
accounts.google.com,h2\,http/1.1,
ei.phncdn.com,h2\,http/1.1,
ei.phncdn.com,h2\,http/1.1,
ei.phncdn.com,h2\,http/1.1,
static.trafficjunky.com,h2\,http/1.1,
ei.phncdn.com,h2\,http/1.1,
ei.phncdn.com,h2\,http/1.1,
ei.phncdn.com,h2\,http/1.1,
static.trafficjunky.com,h2\,http/1.1,
ei.phncdn.com,h3,
it.pornhub.com,h3,
media.trafficjunky.net,h2\,http/1.1,
www.googletagmanager.com,h2\,http/1.1,
ei.phncdn.com,h3,
cdn1-smallimg.phncdn.com,h2\,http/1.1,
pix-cdn77.trafficjunky.net,h2\,http/1.1,
www.googletagmanager.com,h3,
pix-cdn77.phncdn.com,h2\,http/1.1,
pix-cdn77.phncdn.com,h2\,http/1.1,
pix-cdn77.phncdn.com,h2\,http/1.1,
pix-cdn77.phncdn.com,h2\,http/1.1,
content-autofill.googleapis.com,h2\,http/1.1,
a.adtng.com,h2\,http/1.1,
pix-cdn77.phncdn.com,h2\,http/1.1,
pix-cdn77.phncdn.com,h2\,http/1.1,
a.adtng.com,h2\,http/1.1,
ht-cdn2.adtng.com,h2\,http/1.1,
ht-cdn2.adtng.com,h2\,http/1.1,
ht-cdn2.adtng.com,h2\,http/1.1,
hw-cdn2.adtng.com,h2\,http/1.1,
region1.google-analytics.com,h2\,http/1.1,
ht-cdn2.adtng.com,h3,
a.adtng.com,h3,
etahub.com,h2\,http/1.1,
storage.googleapis.com,h2\,http/1.1,
accounts.google.com,h2\,http/1.1,
storage.googleapis.com,h3,
accounts.google.com,h3,
android.clients.google.com,h2\,http/1.1,
android.clients.google.com,h3,
region1.google-analytics.com,h3,
optimizationguide-pa.googleapis.com,h2\,http/1.1,
optimizationguide-pa.googleapis.com,h2\,http/1.1,
optimizationguide-pa.googleapis.com,h2\,http/1.1,
optimizationguide-pa.googleapis.com,h3,
gateway.icloud.com,h3,
gateway.icloud.com,h3,
gateway.icloud.com,h2\,http/1.1,
update.googleapis.com,h2\,http/1.1,
,,edgedl.me.gvt1.com
,,
update.googleapis.com,h3,
,,edgedl.me.gvt1.com
api.apple-cloudkit.com,http/1.1,
googlechromelabs.github.io,http/1.1,
googlechromelabs.github.io,http/1.1,
www.google.com,h3,
,,clients2.google.com
www.google.com,h2\,http/1.1,
accounts.google.com,h2\,http/1.1,
,,
temu.com,h2\,http/1.1,
www.google.com,h2\,http/1.1,
accounts.google.com,h2\,http/1.1,
www.temu.com,h2\,http/1.1,
static.kwcdn.com,h2\,http/1.1,
www.temu.com,h3,
static.kwcdn.com,h3,
static.kwcdn.com,h3,
img.kwcdn.com,h2\,http/1.1,
aimg.kwcdn.com,h2\,http/1.1,
eu.pftk.temu.com,h2\,http/1.1,
configuration.ls.apple.com,h2\,http/1.1,
configuration.ls.apple.com,h2\,http/1.1,
configuration.ls.apple.com,h2\,http/1.1,
configuration.ls.apple.com,h2\,http/1.1,
configuration.ls.apple.com,h2\,http/1.1,
img.kwcdn.com,h3,
www.temu.com,http/1.1,
eu.thtk.temu.com,h2\,http/1.1,
eu.thtk.temu.com,h2\,http/1.1,
eu.thtk.temu.com,h2\,http/1.1,
eu.thtk.temu.com,h2\,http/1.1,
eu.thtk.temu.com,h2\,http/1.1,
eu.thtk.temu.com,h2\,http/1.1,
metrics.icloud.com,h2\,http/1.1,
android.clients.google.com,h2\,http/1.1,
android.clients.google.com,h3,
optimizationguide-pa.googleapis.com,h2\,http/1.1,
optimizationguide-pa.googleapis.com,h2\,http/1.1,
optimizationguide-pa.googleapis.com,h2\,http/1.1,
optimizationguide-pa.googleapis.com,h3,
update.googleapis.com,h2\,http/1.1,
,,edgedl.me.gvt1.com
api.apple-cloudkit.com,http/1.1,
googlechromelabs.github.io,http/1.1,
googlechromelabs.github.io,http/1.1,
,,clients2.google.com
www.google.com,h2\,http/1.1,
accounts.google.com,h2\,http/1.1,
,,
www.google.com,h2\,http/1.1,
accounts.google.com,h2\,http/1.1,
netflix.com,h2\,http/1.1,
www.netflix.com,h2\,http/1.1,
assets.nflxext.com,h2\,http/1.1,
assets.nflxext.com,h2\,http/1.1,
assets.nflxext.com,h2\,http/1.1,
occ.a.nflxso.net,h2\,http/1.1,
help.nflxext.com,h2\,http/1.1,
logs.netflix.com,h2\,http/1.1,
logs.netflix.com,h2\,http/1.1,
help.nflxext.com,h2\,http/1.1,
assets.nflxext.com,h2\,http/1.1,
assets.nflxext.com,h2\,http/1.1,
assets.nflxext.com,h2\,http/1.1,
occ-0-2582-784.1.nflxso.net,h2\,http/1.1,
occ-0-2582-784.1.nflxso.net,h2\,http/1.1,
occ-0-2582-784.1.nflxso.net,h2\,http/1.1,
occ-0-2582-784.1.nflxso.net,h2\,http/1.1,
occ-0-2582-784.1.nflxso.net,h2\,http/1.1,
occ-0-2582-784.1.nflxso.net,h2\,http/1.1,
content-autofill.googleapis.com,h2\,http/1.1,
geolocation.onetrust.com,h2\,http/1.1,
content-autofill.googleapis.com,h2\,http/1.1,
www.google.com,h2\,http/1.1,
logs.netflix.com,h2\,http/1.1,
content-autofill.googleapis.com,h3,
www.gstatic.com,h2\,http/1.1,
help.nflxext.com,h2\,http/1.1,
help.nflxext.com,h2\,http/1.1,
help.nflxext.com,h2\,http/1.1,
ae.nflximg.net,h2\,http/1.1,
help.nflxext.com,h2\,http/1.1,
www.google.com,h2\,http/1.1,
www.google.com,h2\,http/1.1,
www.netflix.com,h2\,http/1.1,
ichnaea-web.netflix.com,h2\,http/1.1,
www.gstatic.com,h2\,http/1.1,
www.gstatic.com,h2\,http/1.1,
www.netflix.com,h2\,http/1.1,
ichnaea-web.netflix.com,h2\,http/1.1,
www.google.com,h3,
www.gstatic.com,h3,
fonts.gstatic.com,h3,
android.clients.google.com,h2\,http/1.1,
android.clients.google.com,h3,
optimizationguide-pa.googleapis.com,h2\,http/1.1,
optimizationguide-pa.googleapis.com,h2\,http/1.1,
optimizationguide-pa.googleapis.com,h2\,http/1.1,
optimizationguide-pa.googleapis.com,h3,
metrics.icloud.com,h2\,http/1.1,
tether.edge.apple,h3,
update.googleapis.com,h2\,http/1.1,
,,edgedl.me.gvt1.com
,,
update.googleapis.com,h3,
,,edgedl.me.gvt1.com
,,
api.apple-cloudkit.com,http/1.1,
googlechromelabs.github.io,http/1.1,
googlechromelabs.github.io,http/1.1,
,,clients2.google.com
www.google.com,h2\,http/1.1,
accounts.google.com,h2\,http/1.1,
,,
www.google.com,h2\,http/1.1,
accounts.google.com,h2\,http/1.1,
naver.com,h2\,http/1.1,
www.naver.com,h2\,http/1.1,
ssl.pstatic.net,h2\,http/1.1,
ssl.pstatic.net,h2\,http/1.1,
pm.pstatic.net,h2\,http/1.1,
pm.pstatic.net,h2\,http/1.1,
ssl.pstatic.net,h2\,http/1.1,
nam.veta.naver.com,h2\,http/1.1,
siape.veta.naver.com,h2\,http/1.1,
tivan.naver.com,h2\,http/1.1,
siape.veta.naver.com,h2\,http/1.1,
tivan.naver.com,h2\,http/1.1,
s.pstatic.net,h2\,http/1.1,
s.pstatic.net,h2\,http/1.1,
s.pstatic.net,h2\,http/1.1,
s.pstatic.net,h2\,http/1.1,
s.pstatic.net,h2\,http/1.1,
s.pstatic.net,h2\,http/1.1,
recoshopping.naver.com,h2\,http/1.1,
shopsquare.naver.com,h2\,http/1.1,
siape.veta.naver.com,h2\,http/1.1,
shopsquare.naver.com,h2\,http/1.1,
search.naver.com,h2\,http/1.1,
recoshopping.naver.com,h2\,http/1.1,
search.naver.com,h2\,http/1.1,
spastatic.naver.com,h2\,http/1.1,
spastatic.naver.com,h2\,http/1.1,
spastatic.naver.com,h2\,http/1.1,
spastatic.naver.com,h2\,http/1.1,
spastatic.naver.com,h2\,http/1.1,
spastatic.naver.com,h2\,http/1.1,
search.pstatic.net,h2\,http/1.1,
android.clients.google.com,h2\,http/1.1,
android.clients.google.com,h3,
cologger.shopping.naver.com,h2\,http/1.1,
cologger.shopping.naver.com,h2\,http/1.1,
cologger.shopping.naver.com,h2\,http/1.1,
cologger.shopping.naver.com,h2\,http/1.1,
optimizationguide-pa.googleapis.com,h2\,http/1.1,
optimizationguide-pa.googleapis.com,h2\,http/1.1,
optimizationguide-pa.googleapis.com,h2\,http/1.1,
optimizationguide-pa.googleapis.com,h3,
p138-caldav.icloud.com,h2\,http/1.1,
p138-caldav.icloud.com,h2\,http/1.1,
p138-caldav.icloud.com,h2\,http/1.1,
p138-caldav.icloud.com,h2\,http/1.1,
p138-caldav.icloud.com,h2\,http/1.1,
apidata.googleusercontent.com,h2\,http/1.1,
p138-caldav.icloud.com,h2\,http/1.1,
apidata.googleusercontent.com,h3,
www.googleapis.com,h2\,http/1.1,
apidata.googleusercontent.com,h3,
apidata.googleusercontent.com,h3,
apidata.googleusercontent.com,h3,
apidata.googleusercontent.com,h3,
main.vscode-cdn.net,h2\,http/1.1,
main.vscode-cdn.net,h2\,http/1.1,
apidata.googleusercontent.com,h3,
apidata.googleusercontent.com,h3,
www.mcdonalds.it,h2\,http/1.1,
p138-caldav.icloud.com,h2\,http/1.1,
apidata.googleusercontent.com,h3,
apidata.googleusercontent.com,h3,
apidata.googleusercontent.com,h3,
gateway.icloud.com,h3,
bag.itunes.apple.com,h2\,http/1.1,
apps.mzstatic.com,h3,
gateway.icloud.com,h2\,http/1.1,
gateway.icloud.com,h3,
metrics.icloud.com,h2\,http/1.1,
update.googleapis.com,h2\,http/1.1,
,,edgedl.me.gvt1.com
,,
api.apple-cloudkit.com,http/1.1,
googlechromelabs.github.io,http/1.1,
googlechromelabs.github.io,http/1.1,
,,clients2.google.com
www.google.com,h2\,http/1.1,
accounts.google.com,h2\,http/1.1,
,,
www.google.com,h2\,http/1.1,
live.com,h2\,http/1.1,
accounts.google.com,h2\,http/1.1,
live.com,h2\,http/1.1,
outlook.live.com,h2\,http/1.1,
outlook.live.com,h2\,http/1.1,
www.microsoft.com,h2\,http/1.1,
uhf.microsoft.com,h2\,http/1.1,
rum.hlx.page,h2\,http/1.1,
play.vidyard.com,h2\,http/1.1,
cdn-dynmedia-1.microsoft.com,h2\,http/1.1,
cdn-dynmedia-1.microsoft.com,h2\,http/1.1,
cdn-dynmedia-1.microsoft.com,h2\,http/1.1,
wcpstatic.microsoft.com,h2\,http/1.1,
cdn-dynmedia-1.microsoft.com,h2\,http/1.1,
cdn-dynmedia-1.microsoft.com,h2\,http/1.1,
c.s-microsoft.com,h2\,http/1.1,
c.s-microsoft.com,h2\,http/1.1,
wcpstatic.microsoft.com,h2\,http/1.1,
js.monitor.azure.com,h2\,http/1.1,
js.monitor.azure.com,h2\,http/1.1,
catalogapi.azure.com,h2\,http/1.1,
content-autofill.googleapis.com,h2\,http/1.1,
assets.adobedtm.com,h2\,http/1.1,
catalogapi.azure.com,h2\,http/1.1,
login.microsoftonline.com,h2\,http/1.1,
login.microsoftonline.com,h2\,http/1.1,
store-images.s-microsoft.com,h2\,http/1.1,
store-images.s-microsoft.com,h2\,http/1.1,
store-images.s-microsoft.com,h2\,http/1.1,
aadcdn.msauth.net,h2\,http/1.1,
aadcdn.msauth.net,h2\,http/1.1,
browser.events.data.microsoft.com,h2\,http/1.1,
browser.events.data.microsoft.com,h2\,http/1.1,
login.live.com,h2\,http/1.1,
browser.events.data.microsoft.com,h2\,http/1.1,
browser.events.data.microsoft.com,h2\,http/1.1,
android.clients.google.com,h2\,http/1.1,
android.clients.google.com,h3,
optimizationguide-pa.googleapis.com,h2\,http/1.1,
optimizationguide-pa.googleapis.com,h2\,http/1.1,
optimizationguide-pa.googleapis.com,h2\,http/1.1,
optimizationguide-pa.googleapis.com,h3,
metrics.icloud.com,h2\,http/1.1,
westus2-2.in.applicationinsights.azure.com,h2\,http/1.1,
westus2-2.in.applicationinsights.azure.com,h2\,http/1.1,
fpinit.itunes.apple.com,h2\,http/1.1,
xp.apple.com,h2\,http/1.1,
metrics.icloud.com,h2\,http/1.1,
update.googleapis.com,h2\,http/1.1,
,,edgedl.me.gvt1.com
,,
update.googleapis.com,h3,
api.apple-cloudkit.com,http/1.1,
googlechromelabs.github.io,http/1.1,
googlechromelabs.github.io,http/1.1,
www.google.com,h3,
,,clients2.google.com
www.google.com,h2\,http/1.1,
accounts.google.com,h2\,http/1.1,
,,
www.google.com,h2\,http/1.1,
accounts.google.com,h2\,http/1.1,
dzen.ru,h2\,http/1.1,
sso.passport.yandex.ru,h2\,http/1.1,
sso.dzen.ru,h2\,http/1.1,
sso.dzen.ru,h2\,http/1.1,
dzen.ru,h2\,http/1.1,
login.vk.com,h2\,http/1.1,
static.dzeninfra.ru,h2\,http/1.1,
static.dzeninfra.ru,h2\,http/1.1,
static.dzeninfra.ru,h2\,http/1.1,
static.dzeninfra.ru,h2\,http/1.1,
static.dzeninfra.ru,h2\,http/1.1,
static.dzeninfra.ru,h2\,http/1.1,
suggest.sso.dzen.ru,h2\,http/1.1,
suggest.dzen.ru,h2\,http/1.1,
mc.yandex.ru,h2\,http/1.1,
static.dzeninfra.ru,h2\,http/1.1,
dzen.ru,h2\,http/1.1,
yandex.ru,h2\,http/1.1,
avatars.dzeninfra.ru,h2\,http/1.1,
avatars.dzeninfra.ru,h2\,http/1.1,
avatars.dzeninfra.ru,h2\,http/1.1,
avatars.dzeninfra.ru,h2\,http/1.1,
avatars.dzeninfra.ru,h2\,http/1.1,
avatars.dzeninfra.ru,h2\,http/1.1,
top-fwz1.mail.ru,h2\,http/1.1,
ad.mail.ru,h2\,http/1.1,
suggest.sso.dzen.ru,h2\,http/1.1,
yastatic.net,h2\,http/1.1,
suggest.sso.dzen.ru,h2\,http/1.1,
suggest.sso.dzen.ru,h2\,http/1.1,
suggest.sso.dzen.ru,h2\,http/1.1,
suggest.sso.dzen.ru,h2\,http/1.1,
static.dzeninfra.ru,h2\,http/1.1,
vk.ru,h2\,http/1.1,
mc.yandex.com,h2\,http/1.1,
yastatic.net,h2\,http/1.1,
static.dzeninfra.ru,h2\,http/1.1,
ad.mail.ru,h2\,http/1.1,
avatars.mds.yandex.net,h2\,http/1.1,
ads.adfox.ru,h2\,http/1.1,
csp.yandex.net,h2\,http/1.1,
dzen.ru,h2\,http/1.1,
id.vk.com,h2\,http/1.1,
static-mon.yandex.net,h2\,http/1.1,
static.vk.com,h2\,http/1.1,
static.vk.com,h2\,http/1.1,
yandex.ru,h2\,http/1.1,
s3.dzeninfra.ru,h2\,http/1.1,
an.yandex.ru,h2\,http/1.1,
api.vk.com,h2\,http/1.1,
stacks.vk-portal.net,h2\,http/1.1,
privacy-cs.mail.ru,h2\,http/1.1,
privacy-cs.mail.ru,h2\,http/1.1,
favicon.yandex.net,h2\,http/1.1,
privacy-cs.mail.ru,h2\,http/1.1,
privacy-cs.mail.ru,h2\,http/1.1,
privacy-cs.mail.ru,h2\,http/1.1,
privacy-cs.mail.ru,h2\,http/1.1,
privacy-cs.mail.ru,h2\,http/1.1,
android.clients.google.com,h2\,http/1.1,
android.clients.google.com,h3,
optimizationguide-pa.googleapis.com,h2\,http/1.1,
optimizationguide-pa.googleapis.com,h2\,http/1.1,
optimizationguide-pa.googleapis.com,h2\,http/1.1,
optimizationguide-pa.googleapis.com,h3,
rum.dzen.ru,h2\,http/1.1,
xp.apple.com,http/1.1,
gateway.icloud.com,h3,
mask-canary.icloud.com,h3,
gateway.icloud.com,h3,
gateway.icloud.com,h2\,http/1.1,
gateway.icloud.com,h3,
entitlements.itunes.apple.com,h2\,http/1.1,
p28-buy.itunes.apple.com,h2\,http/1.1,
p28-buy.itunes.apple.com,http/1.1,
update.googleapis.com,h2\,http/1.1,
bag.itunes.apple.com,h3,
,,edgedl.me.gvt1.com
,,
update.googleapis.com,h3,
sas.pcms.apple.com,h2\,http/1.1,
,,edgedl.me.gvt1.com
,,
,,edgedl.me.gvt1.com
,,
metrics.icloud.com,h2\,http/1.1,
api.apple-cloudkit.com,http/1.1,
googlechromelabs.github.io,http/1.1,
sas.pcms.apple.com,h2\,http/1.1,
googlechromelabs.github.io,http/1.1,
sas.pcms.apple.com,h2\,http/1.1,
sas.pcms.apple.com,h2\,http/1.1,
,,clients2.google.com
www.google.com,h2\,http/1.1,
accounts.google.com,h2\,http/1.1,
,,
pinterest.com,h2\,http/1.1,
www.google.com,h2\,http/1.1,
accounts.google.com,h2\,http/1.1,
www.pinterest.com,h2\,http/1.1,
it.pinterest.com,h2\,http/1.1,
v1.pinimg.com,h3,
s.pinimg.com,h2\,http/1.1,
s.pinimg.com,h2\,http/1.1,
s.pinimg.com,h2\,http/1.1,
s.pinimg.com,h2\,http/1.1,
s.pinimg.com,h2\,http/1.1,
s.pinimg.com,h2\,http/1.1,
i.pinimg.com,h2\,http/1.1,
c.aps.amazon-adsystem.com,h2\,http/1.1,
it.pinterest.com,h3,
s.pinimg.com,h3,
ct.pinterest.com,h2\,http/1.1,
it.pinterest.com,h3,
s.pinimg.com,h3,
www.recaptcha.net,h2\,http/1.1,
accounts.google.com,h2\,http/1.1,
accounts.google.com,h2\,http/1.1,
www.gstatic.com,h2\,http/1.1,
www.gstatic.com,h2\,http/1.1,
content-autofill.googleapis.com,h2\,http/1.1,
accounts.google.com,h3,
www.recaptcha.net,h2\,http/1.1,
content-autofill.googleapis.com,h2\,http/1.1,
www.gstatic.com,h2\,http/1.1,
www.gstatic.com,h2\,http/1.1,
www.recaptcha.net,h3,
www.gstatic.com,h3,
fonts.gstatic.com,h3,
www.recaptcha.net,h3,
accounts.google.com,h2\,http/1.1,
accounts.google.com,h3,
csp.withgoogle.com,h2\,http/1.1,
play.google.com,h2\,http/1.1,
optimizationguide-pa.googleapis.com,h2\,http/1.1,
android.clients.google.com,h2\,http/1.1,
android.clients.google.com,h3,
optimizationguide-pa.googleapis.com,h2\,http/1.1,
optimizationguide-pa.googleapis.com,h2\,http/1.1,
optimizationguide-pa.googleapis.com,h3,
play.google.com,h3,
default.exp-tas.com,,
default.exp-tas.com,http/1.1,
default.exp-tas.com,,
default.exp-tas.com,http/1.1,
default.exp-tas.com,http/1.1,
default.exp-tas.com,,
default.exp-tas.com,http/1.1,
default.exp-tas.com,,
default.exp-tas.com,http/1.1,
default.exp-tas.com,http/1.1,
fpinit.itunes.apple.com,h2\,http/1.1,
xp.apple.com,h2\,http/1.1,
update.googleapis.com,h2\,http/1.1,
,,edgedl.me.gvt1.com
,,
update.googleapis.com,h3,
,,edgedl.me.gvt1.com
,,
,,edgedl.me.gvt1.com
,,
api.apple-cloudkit.com,http/1.1,
googlechromelabs.github.io,http/1.1,
googlechromelabs.github.io,http/1.1,
,,clients2.google.com
www.google.com,h2\,http/1.1,
accounts.google.com,h2\,http/1.1,
,,
www.google.com,h2\,http/1.1,
accounts.google.com,h2\,http/1.1,
bilibili.com,h2\,http/1.1,
www.bilibili.com,h2\,http/1.1,
i0.hdslb.com,h2\,http/1.1,
i0.hdslb.com,h2\,http/1.1,
s1.hdslb.com,h2\,http/1.1,
s1.hdslb.com,h2\,http/1.1,
s1.hdslb.com,h2\,http/1.1,
s1.hdslb.com,h2\,http/1.1,
s1.hdslb.com,h2\,http/1.1,
s1.hdslb.com,h2\,http/1.1,
s1.hdslb.com,h2\,http/1.1,
s1.hdslb.com,h2\,http/1.1,
i1.hdslb.com,h2\,http/1.1,
i1.hdslb.com,h2\,http/1.1,
i1.hdslb.com,h2\,http/1.1,
i0.hdslb.com,h2\,http/1.1,
s1.hdslb.com,h2\,http/1.1,
api.bilibili.com,h2\,http/1.1,
api.bilibili.com,h2\,http/1.1,
api.bilibili.com,h2\,http/1.1,
api.bilibili.com,h2\,http/1.1,
content-autofill.googleapis.com,h2\,http/1.1,
cm.bilibili.com,h2\,http/1.1,
data.bilibili.com,h2\,http/1.1,
data.bilibili.com,h2\,http/1.1,
data.bilibili.com,h2\,http/1.1,
data.bilibili.com,h2\,http/1.1,
data.bilibili.com,h2\,http/1.1,
api.live.bilibili.com,h2\,http/1.1,
android.clients.google.com,h2\,http/1.1,
android.clients.google.com,h3,
optimizationguide-pa.googleapis.com,h2\,http/1.1,
optimizationguide-pa.googleapis.com,h2\,http/1.1,
optimizationguide-pa.googleapis.com,h2\,http/1.1,
optimizationguide-pa.googleapis.com,h3,
xp.apple.com,http/1.1,
update.googleapis.com,h2\,http/1.1,
,,edgedl.me.gvt1.com
main.vscode-cdn.net,h2\,http/1.1,
main.vscode-cdn.net,h2\,http/1.1,
api.apple-cloudkit.com,http/1.1,
googlechromelabs.github.io,http/1.1,
googlechromelabs.github.io,http/1.1,
,,clients2.google.com
www.google.com,h2\,http/1.1,
accounts.google.com,h2\,http/1.1,
,,
www.google.com,h2\,http/1.1,
accounts.google.com,h2\,http/1.1,
office.com,h2\,http/1.1,
office.com,h2\,http/1.1,
office.com,h2\,http/1.1,
office.com,h2\,http/1.1,
res.cdn.office.net,h2\,http/1.1,
res.cdn.office.net,h2\,http/1.1,
res.cdn.office.net,h2\,http/1.1,
res.cdn.office.net,h2\,http/1.1,
res.cdn.office.net,h2\,http/1.1,
res.cdn.office.net,h2\,http/1.1,
www.microsoft.com,h2\,http/1.1,
uhf.microsoft.com,h2\,http/1.1,
res.cdn.office.net,h3,
res.cdn.office.net,h2\,http/1.1,
res.cdn.office.net,h3,
www.microsoft.com,h2\,http/1.1,
wcpstatic.microsoft.com,h2\,http/1.1,
mem.gfx.ms,h2\,http/1.1,
www.clarity.ms,h2\,http/1.1,
c.s-microsoft.com,h2\,http/1.1,
c.s-microsoft.com,h2\,http/1.1,
wcpstatic.microsoft.com,h2\,http/1.1,
mem.gfx.ms,h2\,http/1.1,
scripts.clarity.ms,h2\,http/1.1,
scripts.clarity.ms,h2\,http/1.1,
mem.gfx.ms,h2\,http/1.1,
o.clarity.ms,h2\,http/1.1,
js.monitor.azure.com,h2\,http/1.1,
mem.gfx.ms,h2\,http/1.1,
js.monitor.azure.com,h2\,http/1.1,
browser.events.data.microsoft.com,h2\,http/1.1,
browser.events.data.microsoft.com,h2\,http/1.1,
browser.events.data.microsoft.com,h2\,http/1.1,
browser.events.data.microsoft.com,h2\,http/1.1,
c.clarity.ms,h2\,http/1.1,
mem.gfx.ms,h2\,http/1.1,
c.clarity.ms,h2\,http/1.1,
mem.gfx.ms,h2\,http/1.1,
c.bing.com,h2\,http/1.1,
c.bing.com,h2\,http/1.1,
apple-relay.cloudflare.com,h3,
android.clients.google.com,h2\,http/1.1,
android.clients.google.com,h3,
optimizationguide-pa.googleapis.com,h2\,http/1.1,
optimizationguide-pa.googleapis.com,h2\,http/1.1,
optimizationguide-pa.googleapis.com,h2\,http/1.1,
optimizationguide-pa.googleapis.com,h3,
update.googleapis.com,h2\,http/1.1,
,,edgedl.me.gvt1.com
,,
update.googleapis.com,h3,
,,edgedl.me.gvt1.com
m365cdn.nel.measure.office.net,h2\,http/1.1,
,,
,,edgedl.me.gvt1.com
,,
,,edgedl.me.gvt1.com
,,
,,edgedl.me.gvt1.com
,,
,,edgedl.me.gvt1.com
,,
,,edgedl.me.gvt1.com
,,
,,edgedl.me.gvt1.com
,,
,,edgedl.me.gvt1.com
,,
api.apple-cloudkit.com,http/1.1,
googlechromelabs.github.io,http/1.1,
googlechromelabs.github.io,http/1.1,
,,clients2.google.com
www.google.com,h2\,http/1.1,
accounts.google.com,h2\,http/1.1,
,,
www.google.com,h2\,http/1.1,
accounts.google.com,h2\,http/1.1,
xvideos.com,h2\,http/1.1,
xvideos.com,h2\,http/1.1,
www.xvideos.com,h2\,http/1.1,
it.xvideos.com,h2\,http/1.1,
static-cdn77.xvideos-cdn.com,h2\,http/1.1,
static-cdn77.xvideos-cdn.com,h2\,http/1.1,
static-cdn77.xvideos-cdn.com,h2\,http/1.1,
static-cdn77.xvideos-cdn.com,h2\,http/1.1,
gcore-pic.xvideos-cdn.com,h2\,http/1.1,
cdn77-pic.xvideos-cdn.com,h2\,http/1.1,
cdn77-pic.xvideos-cdn.com,h2\,http/1.1,
cdn77-pic.xvideos-cdn.com,h2\,http/1.1,
cdn77-pic.xvideos-cdn.com,h2\,http/1.1,
cdn77-pic.xvideos-cdn.com,h2\,http/1.1,
gcore-pic.xvideos-cdn.com,h2\,http/1.1,
cdn77-pic.xvideos-cdn.com,h2\,http/1.1,
a.orbsrv.com,h2\,http/1.1,
content-autofill.googleapis.com,h2\,http/1.1,
it.xvideos.com,h2\,http/1.1,
android.clients.google.com,h2\,http/1.1,
android.clients.google.com,h3,
optimizationguide-pa.googleapis.com,h2\,http/1.1,
optimizationguide-pa.googleapis.com,h2\,http/1.1,
optimizationguide-pa.googleapis.com,h2\,http/1.1,
optimizationguide-pa.googleapis.com,h3,
metrics.icloud.com,h2\,http/1.1,
update.googleapis.com,h2\,http/1.1,
,,edgedl.me.gvt1.com
,,
update.googleapis.com,h3,
,,edgedl.me.gvt1.com
googlechromelabs.github.io,http/1.1,
googlechromelabs.github.io,http/1.1,
api.apple-cloudkit.com,http/1.1,
www.google.com,h3,
,,clients2.google.com
www.google.com,h2\,http/1.1,
xhamster.com,h3,
accounts.google.com,h2\,http/1.1,
xhamster.com,h2\,http/1.1,
,,
accounts.google.com,h2\,http/1.1,
ita.xhamster.com,h2\,http/1.1,
ic-vt-nss.xhcdn.com,h2\,http/1.1,
ic-ut-nss.xhcdn.com,h2\,http/1.1,
lcdn.tsyndicate.com,h2\,http/1.1,
ic-vrm-nss.xhcdn.com,h2\,http/1.1,
static-ah.xhcdn.com,h2\,http/1.1,
static-ah.xhcdn.com,h2\,http/1.1,
static-ah.xhcdn.com,h2\,http/1.1,
static-ah.xhcdn.com,h2\,http/1.1,
static-ah.xhcdn.com,h2\,http/1.1,
static-ah.xhcdn.com,h2\,http/1.1,
tether.edge.apple,h3,
static-nss.xhcdn.com,h2\,http/1.1,
static-nss.xhcdn.com,h2\,http/1.1,
us-west-1.xhamster.com,h2\,http/1.1,
www.googletagmanager.com,h2\,http/1.1,
content-autofill.googleapis.com,h2\,http/1.1,
collector.xhamster.com,h2\,http/1.1,
ic-tt-nss.xhcdn.com,h2\,http/1.1,
ic-st-nss.xhcdn.com,h2\,http/1.1,
us-west-2.xhamster.com,h2\,http/1.1,
www.googletagmanager.com,h3,
img.doppiocdn.com,h3,
ic-nss.flixcdn.com,h2\,http/1.1,
android.clients.google.com,h2\,http/1.1,
android.clients.google.com,h3,
optimizationguide-pa.googleapis.com,h2\,http/1.1,
optimizationguide-pa.googleapis.com,h2\,http/1.1,
optimizationguide-pa.googleapis.com,h2\,http/1.1,
optimizationguide-pa.googleapis.com,h3,
update.googleapis.com,h2\,http/1.1,
,,edgedl.me.gvt1.com
,,
update.googleapis.com,h3,
,,edgedl.me.gvt1.com
api.apple-cloudkit.com,http/1.1,
googlechromelabs.github.io,http/1.1,
googlechromelabs.github.io,http/1.1,
www.google.com,h2\,http/1.1,
,,clients2.google.com
accounts.google.com,h2\,http/1.1,
twitch.tv,h2\,http/1.1,
twitch.tv,h2\,http/1.1,
,,
www.twitch.tv,h2\,http/1.1,
assets.twitch.tv,h2\,http/1.1,
assets.twitch.tv,h2\,http/1.1,
assets.twitch.tv,h2\,http/1.1,
api.twitch.tv,h2\,http/1.1,
static-cdn.jtvnw.net,h2\,http/1.1,
gql.twitch.tv,h3,
assets.twitch.tv,h2\,http/1.1,
video-edge-b3dc22.pdx01.abs.hls.ttvnw.net,h2\,http/1.1,
video-edge-b3dc22.pdx01.abs.hls.ttvnw.net,h2\,http/1.1,
k.twitchcdn.net,h2\,http/1.1,
assets.twitch.tv,h3,
gql.twitch.tv,h3,
assets.twitch.tv,h3,
passport.twitch.tv,h2\,http/1.1,
content-autofill.googleapis.com,h2\,http/1.1,
irc-ws.chat.twitch.tv,http/1.1,
www.gstatic.com,h2\,http/1.1,
www.gstatic.com,h3,
edge.ads.twitch.tv,h2\,http/1.1,
reporting.cdndex.io,h2\,http/1.1,
usher.ttvnw.net,h2\,http/1.1,
reporting.cdndex.io,h2\,http/1.1,
hermes.twitch.tv,http/1.1,
euc13.playlist.ttvnw.net,h2\,http/1.1,
android.clients.google.com,h2\,http/1.1,
android.clients.google.com,h3,
prod.ivs-device-config.live-video.net,h3,
optimizationguide-pa.googleapis.com,h2\,http/1.1,
optimizationguide-pa.googleapis.com,h2\,http/1.1,
optimizationguide-pa.googleapis.com,h2\,http/1.1,
optimizationguide-pa.googleapis.com,h3,
metrics.icloud.com,h2\,http/1.1,
update.googleapis.com,h2\,http/1.1,
,,edgedl.me.gvt1.com
,,
update.googleapis.com,h3,
,,edgedl.me.gvt1.com
,,
,,edgedl.me.gvt1.com
,,
api.apple-cloudkit.com,http/1.1,
googlechromelabs.github.io,http/1.1,
googlechromelabs.github.io,http/1.1,
,,clients2.google.com
www.google.com,h2\,http/1.1,
accounts.google.com,h2\,http/1.1,
,,
www.google.com,h2\,http/1.1,
microsoft.com,h2\,http/1.1,
accounts.google.com,h2\,http/1.1,
microsoft.com,h2\,http/1.1,
www.microsoft.com,h2\,http/1.1,
cdn-dynmedia-1.microsoft.com,h2\,http/1.1,
cdn-dynmedia-1.microsoft.com,h2\,http/1.1,
cdn-dynmedia-1.microsoft.com,h2\,http/1.1,
uhf.microsoft.com,h2\,http/1.1,
c.s-microsoft.com,h2\,http/1.1,
c.s-microsoft.com,h2\,http/1.1,
img-prod-cms-rt-microsoft-com.akamaized.net,h2\,http/1.1,
c.s-microsoft.com,h2\,http/1.1,
c.s-microsoft.com,h2\,http/1.1,
c.s-microsoft.com,h2\,http/1.1,
rum.hlx.page,h2\,http/1.1,
lptag.liveperson.net,h2\,http/1.1,
lpcdn.lpsnmedia.net,h2\,http/1.1,
accdn.lpsnmedia.net,h2\,http/1.1,
publisher.liveperson.net,h2\,http/1.1,
wcpstatic.microsoft.com,h2\,http/1.1,
mem.gfx.ms,h2\,http/1.1,
www.clarity.ms,h2\,http/1.1,
js.monitor.azure.com,h2\,http/1.1,
wcpstatic.microsoft.com,h2\,http/1.1,
mem.gfx.ms,h2\,http/1.1,
d.impactradius-event.com,h2\,http/1.1,
c.s-microsoft.com,h2\,http/1.1,
cdnssl.clicktale.net,h2\,http/1.1,
js.monitor.azure.com,h2\,http/1.1,
fpt.microsoft.com,h2\,http/1.1,
bat.bing.com,h2\,http/1.1,
bat.bing.com,h2\,http/1.1,
scripts.clarity.ms,h2\,http/1.1,
fpt.microsoft.com,h2\,http/1.1,
scripts.clarity.ms,h2\,http/1.1,
o.clarity.ms,h2\,http/1.1,
js.monitor.azure.com,h2\,http/1.1,
mem.gfx.ms,h2\,http/1.1,
js.monitor.azure.com,h2\,http/1.1,
mem.gfx.ms,h2\,http/1.1,
login.microsoftonline.com,h2\,http/1.1,
login.microsoftonline.com,h2\,http/1.1,
login.live.com,h2\,http/1.1,
c.clarity.ms,h2\,http/1.1,
c.clarity.ms,h2\,http/1.1,
logincdn.msftauth.net,h2\,http/1.1,
acctcdn.msftauth.net,h2\,http/1.1,
acctcdn.msauth.net,h2\,http/1.1,
target.microsoft.com,h2\,http/1.1,
acctcdn.msauth.net,h2\,http/1.1,
c.bing.com,h2\,http/1.1,
c.bing.com,h2\,http/1.1,
mem.gfx.ms,h2\,http/1.1,
mem.gfx.ms,h2\,http/1.1,
browser.events.data.microsoft.com,h2\,http/1.1,
assets.adobedtm.com,h2\,http/1.1,
browser.events.data.microsoft.com,h2\,http/1.1,
browser.events.data.microsoft.com,h2\,http/1.1,
browser.events.data.microsoft.com,h2\,http/1.1,
android.clients.google.com,h2\,http/1.1,
android.clients.google.com,h3,
optimizationguide-pa.googleapis.com,h2\,http/1.1,
optimizationguide-pa.googleapis.com,h2\,http/1.1,
optimizationguide-pa.googleapis.com,h2\,http/1.1,
optimizationguide-pa.googleapis.com,h3,
main.vscode-cdn.net,h2\,http/1.1,
main.vscode-cdn.net,h2\,http/1.1,
token.safebrowsing.apple,h2\,http/1.1,
,,proxy-safebrowsing.googleapis.com
,,
,,
proxy-safebrowsing.googleapis.com,h2\,http/1.1,
,,
,,
,,
,,
,,
,,
,,
,,
,,
,,
,,
,,
,,
,,
,,
,,
,,
,,
metrics.icloud.com,h2\,http/1.1,
update.googleapis.com,h2\,http/1.1,
,,edgedl.me.gvt1.com
,,
update.googleapis.com,h3,
,,edgedl.me.gvt1.com
api.apple-cloudkit.com,http/1.1,
googlechromelabs.github.io,http/1.1,
googlechromelabs.github.io,http/1.1,
,,clients2.google.com
www.google.com,h2\,http/1.1,
accounts.google.com,h2\,http/1.1,
,,
www.google.com,h2\,http/1.1,
accounts.google.com,h2\,http/1.1,
weather.com,h2\,http/1.1,
weather.com,h2\,http/1.1,
pagead2.googlesyndication.com,h3,
cdn.confiant-integrations.net,h3,
cdn.privacy-mgmt.com,h2\,http/1.1,
cdnjs.cloudflare.com,h3,
pagead2.googlesyndication.com,h2\,http/1.1,
s.w-x.co,h2\,http/1.1,
cdn.confiant-integrations.net,h2\,http/1.1,
cdnjs.cloudflare.com,h2\,http/1.1,
pagead2.googlesyndication.com,h3,
websdk.appsflyer.com,h3,
accounts.google.com,h2\,http/1.1,
content-autofill.googleapis.com,h2\,http/1.1,
api.weather.com,h2\,http/1.1,
cdn.privacy-mgmt.com,h2\,http/1.1,
weather.com,h2\,http/1.1,
js-agent.newrelic.com,h2\,http/1.1,
accounts.google.com,h3,
cdn.privacy-mgmt.com,h2\,http/1.1,
bam.nr-data.net,h2\,http/1.1,
mparticle.weather.com,h2\,http/1.1,
sb.scorecardresearch.com,h2\,http/1.1,
c2.taboola.com,h2\,http/1.1,
nr-events.taboola.com,h2\,http/1.1,
nr-events.taboola.com,h2\,http/1.1,
content-autofill.googleapis.com,h3,
android.clients.google.com,h2\,http/1.1,
android.clients.google.com,h3,
trc.taboola.com,h2\,http/1.1,
fonts.googleapis.com,h2\,http/1.1,
am-trc-events.taboola.com,h2\,http/1.1,
am-trc-events.taboola.com,h2\,http/1.1,
fonts.gstatic.com,h3,
optimizationguide-pa.googleapis.com,h2\,http/1.1,
optimizationguide-pa.googleapis.com,h2\,http/1.1,
optimizationguide-pa.googleapis.com,h2\,http/1.1,
optimizationguide-pa.googleapis.com,h3,
metrics.icloud.com,h2\,http/1.1,
bam.nr-data.net,h2\,http/1.1,
bam.nr-data.net,h2\,http/1.1,
bam.nr-data.net,h2\,http/1.1,
update.googleapis.com,h2\,http/1.1,
,,edgedl.me.gvt1.com
,,
update.googleapis.com,h3,
,,edgedl.me.gvt1.com
api.apple-cloudkit.com,http/1.1,
googlechromelabs.github.io,http/1.1,
googlechromelabs.github.io,http/1.1,
www.google.com,h3,
,,clients2.google.com
www.google.com,h2\,http/1.1,
accounts.google.com,h2\,http/1.1,
,,
www.google.com,h2\,http/1.1,
accounts.google.com,h2\,http/1.1,
vk.com,h2\,http/1.1,
login.vk.com,h2\,http/1.1,
api.vk.com,h2\,http/1.1,
st6-22.vk.com,h2\,http/1.1,
st6-22.vk.com,h2\,http/1.1,
st6-22.vk.com,h2\,http/1.1,
st6-22.vk.com,h2\,http/1.1,
st6-22.vk.com,h2\,http/1.1,
st6-22.vk.com,h2\,http/1.1,
st6-22.vk.com,h2\,http/1.1,
st6-22.vk.com,h2\,http/1.1,
st6-22.vk.com,h2\,http/1.1,
st6-22.vk.com,h2\,http/1.1,
st6-22.vk.com,h2\,http/1.1,
st6-22.vk.com,h2\,http/1.1,
tns-counter.ru,h2\,http/1.1,
top-fwz1.mail.ru,h2\,http/1.1,
ads.vk.com,h2\,http/1.1,
tns-counter.ru,h2\,http/1.1,
top-fwz1.mail.ru,h2\,http/1.1,
ads.vk.com,h2\,http/1.1,
content-autofill.googleapis.com,h2\,http/1.1,
top-fwz1.mail.ru,h2\,http/1.1,
www.tns-counter.ru,h2\,http/1.1,
www.tns-counter.ru,h2\,http/1.1,
vk.ru,h2\,http/1.1,
id.vk.com,h2\,http/1.1,
r0.mradx.net,h2\,http/1.1,
r0.mradx.net,h2\,http/1.1,
stats.vk-portal.net,h2\,http/1.1,
stacks.vk-portal.net,h2\,http/1.1,
stats.vk-portal.net,h2\,http/1.1,
r0.mradx.net,h2\,http/1.1,
privacy-cs.mail.ru,h2\,http/1.1,
privacy-cs.mail.ru,h2\,http/1.1,
privacy-cs.mail.ru,h2\,http/1.1,
android.clients.google.com,h2\,http/1.1,
akashi.vk-portal.net,h2\,http/1.1,
android.clients.google.com,h3,
privacy-cs.mail.ru,h2\,http/1.1,
privacy-cs.mail.ru,h2\,http/1.1,
optimizationguide-pa.googleapis.com,h2\,http/1.1,
optimizationguide-pa.googleapis.com,h2\,http/1.1,
optimizationguide-pa.googleapis.com,h2\,http/1.1,
optimizationguide-pa.googleapis.com,h3,
,,
metrics.icloud.com,h2\,http/1.1,
update.googleapis.com,h2\,http/1.1,
,,edgedl.me.gvt1.com
,,
update.googleapis.com,h3,
,,edgedl.me.gvt1.com
,,
api.apple-cloudkit.com,http/1.1,
googlechromelabs.github.io,http/1.1,
googlechromelabs.github.io,http/1.1,
,,clients2.google.com
www.google.com,h2\,http/1.1,
accounts.google.com,h2\,http/1.1,
,,
www.google.com,h2\,http/1.1,
accounts.google.com,h2\,http/1.1,
news.yahoo.co.jp,h2\,http/1.1,
news.yahoo.co.jp,h2\,http/1.1,
news.yahoo.co.jp,h2\,http/1.1,
s.yimg.jp,h2\,http/1.1,
s.yimg.jp,h2\,http/1.1,
s.yimg.jp,h2\,http/1.1,
s.yimg.jp,h2\,http/1.1,
s.yimg.jp,h2\,http/1.1,
s.yimg.jp,h2\,http/1.1,
s.yimg.jp,h2\,http/1.1,
s.yimg.jp,h2\,http/1.1,
android.clients.google.com,h2\,http/1.1,
android.clients.google.com,h3,
optimizationguide-pa.googleapis.com,h2\,http/1.1,
optimizationguide-pa.googleapis.com,h2\,http/1.1,
optimizationguide-pa.googleapis.com,h2\,http/1.1,
optimizationguide-pa.googleapis.com,h3,
metrics.icloud.com,h2\,http/1.1,
update.googleapis.com,h2\,http/1.1,
,,edgedl.me.gvt1.com
,,
update.googleapis.com,h3,
default.exp-tas.com,h2\,http/1.1,
default.exp-tas.com,h2\,http/1.1,
api.apple-cloudkit.com,http/1.1,
googlechromelabs.github.io,http/1.1,
googlechromelabs.github.io,http/1.1,
,,clients2.google.com
www.google.com,h2\,http/1.1,
accounts.google.com,h2\,http/1.1,
,,
www.google.com,h2\,http/1.1,
accounts.google.com,h2\,http/1.1,
mail.ru,h2\,http/1.1,
mail.ru,h2\,http/1.1,
login.vk.ru,h2\,http/1.1,
account.mail.ru,h2\,http/1.1,
stat.radar.imgsmail.ru,h2\,http/1.1,
yandex.ru,h2\,http/1.1,
imgs2.imgsmail.ru,h2\,http/1.1,
limg.imgsmail.ru,h2\,http/1.1,
home.imgsmail.ru,h2\,http/1.1,
home.imgsmail.ru,h2\,http/1.1,
home.imgsmail.ru,h2\,http/1.1,
rs.mail.ru,h2\,http/1.1,
home.imgsmail.ru,h3,
imgs2.imgsmail.ru,h3,
www.googletagmanager.com,h2\,http/1.1,
limg.imgsmail.ru,h2\,http/1.1,
rs.mail.ru,h2\,http/1.1,
ad.mail.ru,h2\,http/1.1,
www.tns-counter.ru,h2\,http/1.1,
counter.yadro.ru,h2\,http/1.1,
mc.yandex.ru,h2\,http/1.1,
ad.mail.ru,h2\,http/1.1,
top-fwz1.mail.ru,h2\,http/1.1,
bs.yandex.ru,h2\,http/1.1,
bs.yandex.ru,h2\,http/1.1,
xray.mail.ru,h2\,http/1.1,
xray.mail.ru,h2\,http/1.1,
r.mradx.net,h2\,http/1.1,
mc.yandex.com,h2\,http/1.1,
cdn.consentmanager.net,h2\,http/1.1,
b.delivery.consentmanager.net,h2\,http/1.1,
r.mradx.net,h2\,http/1.1,
yandex.ru,h2\,http/1.1,
portal.mail.ru,h2\,http/1.1,
cspreport.mail.ru,h2\,http/1.1,
vk.com,h2\,http/1.1,
vk.com,h2\,http/1.1,
vkvideo.ru,h2\,http/1.1,
dzen.ru,h2\,http/1.1,
pogoda.imgsmail.ru,h2\,http/1.1,
pogoda.imgsmail.ru,h2\,http/1.1,
pogoda.imgsmail.ru,h2\,http/1.1,
img.imgsmail.ru,h2\,http/1.1,
sun9-17.userapi.com,h2\,http/1.1,
cspreport.mail.ru,h2\,http/1.1,
privacy-cs.mail.ru,h2\,http/1.1,
home.imgsmail.ru,h3,
static.dzeninfra.ru,h2\,http/1.1,
yastatic.net,h2\,http/1.1,
privacy-cs.mail.ru,h2\,http/1.1,
r.mradx.net,h2\,http/1.1,
ad.mail.ru,h2\,http/1.1,
r3.mail.ru,h2\,http/1.1,
top-fwz1.mail.ru,h2\,http/1.1,
csp.yandex.net,h2\,http/1.1,
dzen.ru,h2\,http/1.1,
dzen.ru,h2\,http/1.1,
r.mradx.net,h2\,http/1.1,
ad.mail.ru,h2\,http/1.1,
yastatic.net,h2\,http/1.1,
yastatic.net,h2\,http/1.1,
yastatic.net,h2\,http/1.1,
yastatic.net,h2\,http/1.1,
yastatic.net,h2\,http/1.1,
r3.mail.ru,h2\,http/1.1,
yastatic.net,h2\,http/1.1,
yastatic.net,h2\,http/1.1,
ads.adfox.ru,h2\,http/1.1,
avatars.mds.yandex.net,h2\,http/1.1,
r.mradx.net,h2\,http/1.1,
privacy-cs.mail.ru,h2\,http/1.1,
r.mradx.net,h2\,http/1.1,
favicon.yandex.net,h2\,http/1.1,
privacy-cs.mail.ru,h2\,http/1.1,
static.dzeninfra.ru,h2\,http/1.1,
static.dzeninfra.ru,h2\,http/1.1,
privacy-cs.mail.ru,h2\,http/1.1,
privacy-cs.mail.ru,h2\,http/1.1,
privacy-cs.mail.ru,h2\,http/1.1,
privacy-cs.mail.ru,h2\,http/1.1,
privacy-cs.mail.ru,h2\,http/1.1,
cspreport.mail.ru,h2\,http/1.1,
531311.ms.dzen.ru,h2\,http/1.1,
avatars.dzeninfra.ru,h2\,http/1.1,
avatars.dzeninfra.ru,h2\,http/1.1,
avatars.dzeninfra.ru,h2\,http/1.1,
avatars.dzeninfra.ru,h2\,http/1.1,
avatars.dzeninfra.ru,h2\,http/1.1,
avatars.dzeninfra.ru,h2\,http/1.1,
www.gstatic.com,h2\,http/1.1,
ok6-14.vkuser.net,h2\,http/1.1,
ok6-4.vkuser.net,h2\,http/1.1,
www.gstatic.com,h3,
login.vk.com,h2\,http/1.1,
vd249.okcdn.ru,h2\,http/1.1,
log.strm.yandex.ru,h2\,http/1.1,
log.strm.yandex.ru,h2\,http/1.1,
privacy-cs.mail.ru,h2\,http/1.1,
log.strm.yandex.ru,h2\,http/1.1,
ok6-14.vkuser.net,h2\,http/1.1,
ok6-4.vkuser.net,h2\,http/1.1,
vd249.okcdn.ru,h2\,http/1.1,
vd249.okcdn.ru,h2\,http/1.1,
optimizationguide-pa.googleapis.com,h2\,http/1.1,
telemetry.dzen.ru,h2\,http/1.1,
telemetry.dzen.ru,h2\,http/1.1,
telemetry.dzen.ru,h2\,http/1.1,
ad.mail.ru,h2\,http/1.1,
541311.ms.dzen.ru,h2\,http/1.1,
update.googleapis.com,h2\,http/1.1,
,,edgedl.me.gvt1.com
,,
update.googleapis.com,h3,
android.clients.google.com,h2\,http/1.1,
main.vscode-cdn.net,h2\,http/1.1,
main.vscode-cdn.net,h2\,http/1.1,
android.clients.google.com,h3,
login.vk.com,h2\,http/1.1,
ad.mail.ru,h2\,http/1.1,
ad.mail.ru,h2\,http/1.1,
portal.mail.ru,h2\,http/1.1,
yandex.ru,h2\,http/1.1,
r.mradx.net,h2\,http/1.1,
,,edgedl.me.gvt1.com
optimizationguide-pa.googleapis.com,h2\,http/1.1,
optimizationguide-pa.googleapis.com,h2\,http/1.1,
optimizationguide-pa.googleapis.com,h3,
r.mradx.net,h2\,http/1.1,
api.apple-cloudkit.com,http/1.1,
googlechromelabs.github.io,http/1.1,
googlechromelabs.github.io,http/1.1,
,,clients2.google.com
www.google.com,h2\,http/1.1,
accounts.google.com,h2\,http/1.1,
,,
fandom.com,h2\,http/1.1,
www.google.com,h2\,http/1.1,
accounts.google.com,h2\,http/1.1,
fonts.googleapis.com,h2\,http/1.1,
static.wikia.nocookie.net,h2\,http/1.1,
static.wikia.nocookie.net,h2\,http/1.1,
fonts.gstatic.com,h3,
services.fandom.com,h2\,http/1.1,
services.fandom.com,h2\,http/1.1,
services.fandom.com,h2\,http/1.1,
www.google-analytics.com,h2\,http/1.1,
www.fastly-insights.com,h2\,http/1.1,
fonts.gstatic.com,h2\,http/1.1,
static.wikia.nocookie.net,h2\,http/1.1,
content-autofill.googleapis.com,h2\,http/1.1,
cdn.cookielaw.org,h2\,http/1.1,
cdn.cookielaw.org,h2\,http/1.1,
geolocation.onetrust.com,h2\,http/1.1,
content-autofill.googleapis.com,h3,
beacon.wikia-services.com,h2\,http/1.1,
android.clients.google.com,h2\,http/1.1,
android.clients.google.com,h3,
metrics.icloud.com,h2\,http/1.1,
optimizationguide-pa.googleapis.com,h2\,http/1.1,
optimizationguide-pa.googleapis.com,h2\,http/1.1,
optimizationguide-pa.googleapis.com,h2\,http/1.1,
optimizationguide-pa.googleapis.com,h3,
mask-canary.icloud.com,h3,
mask-canary.icloud.com,h3,
mask-api.icloud.com,h2\,http/1.1,
update.googleapis.com,h2\,http/1.1,
,,edgedl.me.gvt1.com
,,
update.googleapis.com,h3,
,,edgedl.me.gvt1.com
,,
,,edgedl.me.gvt1.com
api.apple-cloudkit.com,http/1.1,
googlechromelabs.github.io,http/1.1,
googlechromelabs.github.io,http/1.1,
,,clients2.google.com
www.google.com,h2\,http/1.1,
accounts.google.com,h2\,http/1.1,
,,
www.google.com,h2\,http/1.1,
accounts.google.com,h2\,http/1.1,
samsung.com,h2\,http/1.1,
samsung.com,h2\,http/1.1,
samsung.com,h2\,http/1.1,
www.samsung.com,h2\,http/1.1,
www.samsung.com,h3,
images.samsung.com,h2\,http/1.1,
images.samsung.com,h2\,http/1.1,
s.go-mpulse.net,h2\,http/1.1,
assets.adobedtm.com,h2\,http/1.1,
account.samsung.com,h2\,http/1.1,
c.go-mpulse.net,h2\,http/1.1,
images.samsung.com,h3,
searchapi.samsung.com,h2\,http/1.1,
content-autofill.googleapis.com,h2\,http/1.1,
api-recommender.bigdata.samsung.com,h2\,http/1.1,
consent.trustarc.com,h2\,http/1.1,
consent.trustarc.com,h2\,http/1.1,
api-recommender.bigdata.samsung.com,h3,
android.clients.google.com,h2\,http/1.1,
android.clients.google.com,h3,
optimizationguide-pa.googleapis.com,h2\,http/1.1,
optimizationguide-pa.googleapis.com,h2\,http/1.1,
optimizationguide-pa.googleapis.com,h2\,http/1.1,
optimizationguide-pa.googleapis.com,h3,
update.googleapis.com,h2\,http/1.1,
,,edgedl.me.gvt1.com
gateway.icloud.com,h3,
gateway.icloud.com,h3,
gateway.icloud.com,h2\,http/1.1,
gateway.icloud.com,h3,
gateway.icloud.com,h2\,http/1.1,
gateway.icloud.com,h3,
,,
update.googleapis.com,h3,
api.apple-cloudkit.com,http/1.1,
googlechromelabs.github.io,http/1.1,
googlechromelabs.github.io,http/1.1,
,,clients2.google.com
www.google.com,h3,
www.google.com,h2\,http/1.1,
,,
www.google.com,h2\,http/1.1,
sharepoint.com,h2\,http/1.1,
accounts.google.com,h2\,http/1.1,
sharepoint.com,h2\,http/1.1,
office.com,h2\,http/1.1,
office.com,h2\,http/1.1,
aka.office.com,h2\,http/1.1,
products.office.com,h2\,http/1.1,
www.microsoft.com,h2\,http/1.1,
uhf.microsoft.com,h2\,http/1.1,
rum.hlx.page,h2\,http/1.1,
cdn-dynmedia-1.microsoft.com,h2\,http/1.1,
cdn-dynmedia-1.microsoft.com,h2\,http/1.1,
play.vidyard.com,h2\,http/1.1,
cdn-dynmedia-1.microsoft.com,h2\,http/1.1,
cdn-dynmedia-1.microsoft.com,h2\,http/1.1,
cdn-dynmedia-1.microsoft.com,h2\,http/1.1,
mem.gfx.ms,h2\,http/1.1,
wcpstatic.microsoft.com,h2\,http/1.1,
c.s-microsoft.com,h2\,http/1.1,
c.s-microsoft.com,h2\,http/1.1,
mem.gfx.ms,h2\,http/1.1,
wcpstatic.microsoft.com,h2\,http/1.1,
publisher.liveperson.net,h2\,http/1.1,
content-autofill.googleapis.com,h2\,http/1.1,
js.monitor.azure.com,h2\,http/1.1,
mem.gfx.ms,h2\,http/1.1,
assets.adobedtm.com,h2\,http/1.1,
js.monitor.azure.com,h2\,http/1.1,
mem.gfx.ms,h2\,http/1.1,
login.microsoftonline.com,h2\,http/1.1,
js.monitor.azure.com,h2\,http/1.1,
login.microsoftonline.com,h2\,http/1.1,
js.monitor.azure.com,h2\,http/1.1,
aadcdn.msftauth.net,h2\,http/1.1,
browser.events.data.microsoft.com,h2\,http/1.1,
browser.events.data.microsoft.com,h2\,http/1.1,
login.live.com,h2\,http/1.1,
browser.events.data.microsoft.com,h2\,http/1.1,
browser.events.data.microsoft.com,h2\,http/1.1,
login.live.com,h2\,http/1.1,
acctcdn.msftauth.net,h2\,http/1.1,
logincdn.msftauth.net,h2\,http/1.1,
acctcdn.msauth.net,h2\,http/1.1,
acctcdn.msauth.net,h2\,http/1.1,
mem.gfx.ms,h2\,http/1.1,
mem.gfx.ms,h2\,http/1.1,
android.clients.google.com,h2\,http/1.1,
android.clients.google.com,h3,
optimizationguide-pa.googleapis.com,h2\,http/1.1,
optimizationguide-pa.googleapis.com,h2\,http/1.1,
optimizationguide-pa.googleapis.com,h2\,http/1.1,
optimizationguide-pa.googleapis.com,h3,
apidata.googleusercontent.com,h3,
apidata.googleusercontent.com,h3,
apidata.googleusercontent.com,h3,
apidata.googleusercontent.com,h3,
update.googleapis.com,h2\,http/1.1,
,,edgedl.me.gvt1.com
,,
update.googleapis.com,h3,
,,edgedl.me.gvt1.com
,,
,,edgedl.me.gvt1.com
,,
api.apple-cloudkit.com,http/1.1,
googlechromelabs.github.io,http/1.1,
googlechromelabs.github.io,http/1.1,
,,clients2.google.com
www.google.com,h2\,http/1.1,
accounts.google.com,h2\,http/1.1,
,,
www.google.com,h2\,http/1.1,
accounts.google.com,h2\,http/1.1,
globo.com,h2\,http/1.1,
globo.com,h2\,http/1.1,
www.globo.com,h2\,http/1.1,
securepubads.g.doubleclick.net,h3,
sdk.mrf.io,h3,
securepubads.g.doubleclick.net,h2\,http/1.1,
fonts.gstatic.com,h3,
sdk.mrf.io,h2\,http/1.1,
fonts.googleapis.com,h2\,http/1.1,
www.google-analytics.com,h2\,http/1.1,
s3.glbimg.com,h2\,http/1.1,
s.glbimg.com,h2\,http/1.1,
horizon-track.globo.com,h2\,http/1.1,
events.newsroom.bi,h2\,http/1.1,
horizon-schemas.globo.com,h2\,http/1.1,
marfeelexperimentsexperienceengine.mrf.io,h2\,http/1.1,
securepubads.g.doubleclick.net,h3,
horizon.globo.com,h2\,http/1.1,
s3.glbimg.com,h2\,http/1.1,
s3.glbimg.com,h2\,http/1.1,
s3.glbimg.com,h2\,http/1.1,
s3.glbimg.com,h2\,http/1.1,
www.googletagmanager.com,h2\,http/1.1,
www.googletagmanager.com,h2\,http/1.1,
aswpsdkus.com,h2\,http/1.1,
s2-home-globo.glbimg.com,h2\,http/1.1,
s2.glbimg.com,h2\,http/1.1,
s.glbimg.com,h2\,http/1.1,
s3.glbimg.com,h2\,http/1.1,
s2-home-globo.glbimg.com,h2\,http/1.1,
s2-home-globo.glbimg.com,h2\,http/1.1,
s2-home-globo.glbimg.com,h2\,http/1.1,
s2-home-globo.glbimg.com,h2\,http/1.1,
s2-home-globo.glbimg.com,h2\,http/1.1,
s.glbimg.com,h2\,http/1.1,
www.googleadservices.com,h3,
www.googletagmanager.com,h3,
www.google.com,h2\,http/1.1,
fundingchoicesmessages.google.com,h2\,http/1.1,
www.googletagmanager.com,h2\,http/1.1,
s.glbimg.com,h2\,http/1.1,
googleads.g.doubleclick.net,h3,
www.googletagmanager.com,h3,
sb.scorecardresearch.com,h2\,http/1.1,
storage.googleapis.com,h2\,http/1.1,
fundingchoicesmessages.google.com,h3,
fundingchoicesmessages.google.com,h3,
aswpsdkus.com,h3,
www.google.com,h3,
storage.googleapis.com,h3,
www.google.it,h2\,http/1.1,
www.google.it,h2\,http/1.1,
assets.streamshop.com.br,h2\,http/1.1,
horizon-schemas.globo.com,h2\,http/1.1,
ads-library.globo.com,h2\,http/1.1,
ads-library.globo.com,h2\,http/1.1,
d39f98ec-9259-4f8b-896d-7ab58be1f900.edge.permutive.app,h2\,http/1.1,
,,cacerts.rapidssl.com
usergate.globo.com,h2\,http/1.1,
,,
ads-library.globo.com,h3,
ads.rubiconproject.com,h2\,http/1.1,
pub.doubleverify.com,h3,
pagead2.googlesyndication.com,h3,
d39f98ec-9259-4f8b-896d-7ab58be1f900.prmutv.co,h2\,http/1.1,
api.permutive.com,h2\,http/1.1,
cdn.permutive.com,h2\,http/1.1,
pub.doubleverify.com,h3,
api.permutive.com,h3,
mab.g.globo,h2\,http/1.1,
mab.g.globo,h2\,http/1.1,
mab.g.globo,h2\,http/1.1,
mab.g.globo,h2\,http/1.1,
mab.g.globo,h2\,http/1.1,
vtrk.doubleverify.com,h3,
mab.g.globo,h2\,http/1.1,
cdn.jsdelivr.net,h2\,http/1.1,
ib.adnxs.com,h2\,http/1.1,
api.permutive.com,h3,
imasdk.googleapis.com,h2\,http/1.1,
optimizationguide-pa.googleapis.com,h2\,http/1.1,
api-content.personare.com.br,h2\,http/1.1,
www.google.it,h3,
cdn.ravenjs.com,h2\,http/1.1,
region1.analytics.google.com,h2\,http/1.1,
stats.g.doubleclick.net,h2\,http/1.1,
content-autofill.googleapis.com,h2\,http/1.1,
vitrine-bff.sales.globo.com,h2\,http/1.1,
vitrine-bff.sales.globo.com,h2\,http/1.1,
affiliates.video.globo.com,h2\,http/1.1,
sdk-metrics.g.globo,h2\,http/1.1,
sdk-metrics.g.globo,h2\,http/1.1,
sdk-metrics.g.globo,h2\,http/1.1,
trackid.globoid.globo.com,h2\,http/1.1,
web-api.globoid.globo.com,h2\,http/1.1,
web-api.globoid.globo.com,h3,
sdk-metrics.g.globo,h2\,http/1.1,
goidc.globo.com,h2\,http/1.1,
goidc.globo.com,h3,
cloud-products-jarvis.globo.com,h2\,http/1.1,
cloud-products-jarvis.globo.com,h2\,http/1.1,
trackid.globoid.globo.com,h3,
firebaseinstallations.googleapis.com,h3,
android.clients.google.com,h2\,http/1.1,
android.clients.google.com,h3,
optimizationguide-pa.googleapis.com,h2\,http/1.1,
optimizationguide-pa.googleapis.com,h2\,http/1.1,
optimizationguide-pa.googleapis.com,h3,
security.video.globo.com,h2\,http/1.1,
geo-api.g1.globo.com,h2\,http/1.1,
metrics.icloud.com,h2\,http/1.1,
update.googleapis.com,h2\,http/1.1,
,,edgedl.me.gvt1.com
,,
update.googleapis.com,h3,
,,edgedl.me.gvt1.com
,,
,,edgedl.me.gvt1.com
,,
,,edgedl.me.gvt1.com
,,
,,edgedl.me.gvt1.com
,,
,,edgedl.me.gvt1.com
,,
,,edgedl.me.gvt1.com
,,
,,edgedl.me.gvt1.com
,,
update.googleapis.com,h3,
,,edgedl.me.gvt1.com
,,
,,edgedl.me.gvt1.com
,,
,,edgedl.me.gvt1.com
,,
,,edgedl.me.gvt1.com
,,
,,edgedl.me.gvt1.com
,,
,,edgedl.me.gvt1.com
,,
,,edgedl.me.gvt1.com
,,
horizon-track.globo.com,h2\,http/1.1,
api.apple-cloudkit.com,http/1.1,
googlechromelabs.github.io,http/1.1,
googlechromelabs.github.io,http/1.1,
,,clients2.google.com
www.google.com,h2\,http/1.1,
accounts.google.com,h2\,http/1.1,
,,
canva.com,h2\,http/1.1,
canva.com,h2\,http/1.1,
www.google.com,h2\,http/1.1,
canva.com,h2\,http/1.1,
accounts.google.com,h2\,http/1.1,
a.nel.cloudflare.com,h2\,http/1.1,
static.cloudflareinsights.com,h2\,http/1.1,
challenges.cloudflare.com,h3,
challenges.cloudflare.com,h2\,http/1.1,
a.nel.cloudflare.com,h3,
challenges.cloudflare.com,h3,
android.clients.google.com,h2\,http/1.1,
android.clients.google.com,h3,
optimizationguide-pa.googleapis.com,h2\,http/1.1,
optimizationguide-pa.googleapis.com,h2\,http/1.1,
optimizationguide-pa.googleapis.com,h2\,http/1.1,
optimizationguide-pa.googleapis.com,h3,
main.vscode-cdn.net,h2\,http/1.1,
main.vscode-cdn.net,h2\,http/1.1,
fbs.smoot.apple.com,h2\,http/1.1,
seed-swallow.siri.apple.com,h2,
seed-swallow.siri.apple.com,h2,
update.googleapis.com,h2\,http/1.1,
,,edgedl.me.gvt1.com
,,
update.googleapis.com,h3,
a.nel.cloudflare.com,h3,
,,edgedl.me.gvt1.com
,,
api.apple-cloudkit.com,http/1.1,
googlechromelabs.github.io,http/1.1,
googlechromelabs.github.io,http/1.1,
,,clients2.google.com
www.google.com,h2\,http/1.1,
accounts.google.com,h2\,http/1.1,
,,
www.google.com,h2\,http/1.1,
accounts.google.com,h2\,http/1.1,
t.me,h2\,http/1.1,
telegram.org,h2\,http/1.1,
android.clients.google.com,h2\,http/1.1,
android.clients.google.com,h3,
optimizationguide-pa.googleapis.com,h2\,http/1.1,
optimizationguide-pa.googleapis.com,h2\,http/1.1,
optimizationguide-pa.googleapis.com,h2\,http/1.1,
optimizationguide-pa.googleapis.com,h3,
update.googleapis.com,h2\,http/1.1,
,,edgedl.me.gvt1.com
api.apple-cloudkit.com,http/1.1,
googlechromelabs.github.io,http/1.1,
googlechromelabs.github.io,http/1.1,
www.google.com,h3,
,,clients2.google.com
www.google.com,h2\,http/1.1,
accounts.google.com,h2\,http/1.1,
,,
www.google.com,h2\,http/1.1,
accounts.google.com,h2\,http/1.1,
xnxx.com,h2\,http/1.1,
www.xnxx.com,h2\,http/1.1,
static-cdn77.xnxx-cdn.com,h2\,http/1.1,
static-cdn77.xnxx-cdn.com,h2\,http/1.1,
static-cdn77.xnxx-cdn.com,h2\,http/1.1,
static-cdn77.xnxx-cdn.com,h2\,http/1.1,
cdn77-pic.xnxx-cdn.com,h2\,http/1.1,
cdn77-pic.xnxx-cdn.com,h2\,http/1.1,
cdn77-pic.xnxx-cdn.com,h2\,http/1.1,
cdn77-pic.xnxx-cdn.com,h2\,http/1.1,
cdn77-pic.xnxx-cdn.com,h2\,http/1.1,
cdn77-pic.xnxx-cdn.com,h2\,http/1.1,
a.orbsrv.com,h2\,http/1.1,
content-autofill.googleapis.com,h2\,http/1.1,
www.xnxx.com,h2\,http/1.1,
android.clients.google.com,h2\,http/1.1,
android.clients.google.com,h3,
optimizationguide-pa.googleapis.com,h2\,http/1.1,
optimizationguide-pa.googleapis.com,h2\,http/1.1,
optimizationguide-pa.googleapis.com,h2\,http/1.1,
optimizationguide-pa.googleapis.com,h3,
